,Age,Fare,Embarked_C,Embarked_Q,Embarked_S,Pclass_1,Pclass_2,Pclass_3,PassengerId,Survived,Sex,SibSp,Parch
0,-0.4428571428571428,-0.3120106021758714,0.0,0.0,1.0,0.0,0.0,1.0,1.0,0.0,1.0,1.0,0.0
1,0.7000000000000001,2.4612422909015312,1.0,0.0,0.0,1.0,0.0,0.0,2.0,1.0,0.0,1.0,0.0
2,-0.15714285714285708,-0.2827766613540295,0.0,0.0,1.0,0.0,0.0,1.0,3.0,1.0,0.0,0.0,0.0
3,0.48571428571428577,1.6737318966114614,0.0,0.0,1.0,1.0,0.0,0.0,4.0,1.0,0.0,1.0,0.0
4,0.48571428571428577,-0.277362968609244,0.0,0.0,1.0,0.0,0.0,1.0,5.0,0.0,1.0,0.0,0.0
5,-0.36842857142857127,-0.25967968262767654,0.0,1.0,0.0,0.0,0.0,1.0,6.0,0.0,1.0,0.0,0.0
6,1.842857142857143,1.6201363384380845,0.0,0.0,1.0,1.0,0.0,0.0,7.0,0.0,1.0,0.0,0.0
7,-1.8714285714285714,0.2867438153974083,0.0,0.0,1.0,0.0,0.0,1.0,8.0,0.0,1.0,3.0,1.0
8,-0.08571428571428566,-0.14382665788926616,0.0,0.0,1.0,0.0,0.0,1.0,9.0,1.0,0.0,0.0,2.0
9,-1.0142857142857142,0.6763477929457417,1.0,0.0,0.0,0.0,1.0,0.0,10.0,1.0,0.0,1.0,0.0
10,-1.7285714285714284,0.09726456932991473,0.0,0.0,1.0,0.0,0.0,1.0,11.0,1.0,0.0,1.0,1.0
11,2.1285714285714286,0.5238635576190146,0.0,0.0,1.0,1.0,0.0,0.0,12.0,1.0,0.0,0.0,0.0
12,-0.5857142857142856,-0.277362968609244,0.0,0.0,1.0,0.0,0.0,1.0,13.0,0.0,1.0,0.0,0.0
13,0.7714285714285715,0.7285011433719076,0.0,0.0,1.0,0.0,0.0,1.0,14.0,0.0,1.0,1.0,5.0
14,-1.0142857142857142,-0.2858429769246761,0.0,0.0,1.0,0.0,0.0,1.0,15.0,0.0,0.0,0.0,0.0
15,1.9142857142857144,0.06694788995911578,0.0,0.0,1.0,0.0,1.0,0.0,16.0,1.0,0.0,0.0,0.0
16,-1.8714285714285714,0.6353856281615965,0.0,1.0,0.0,0.0,0.0,1.0,17.0,0.0,1.0,4.0,1.0
17,0.17142857142857157,-0.06298073591573695,0.0,0.0,1.0,0.0,1.0,0.0,18.0,1.0,1.0,0.0,0.0
18,0.20000000000000004,0.15356697387568427,0.0,0.0,1.0,0.0,0.0,1.0,19.0,0.0,0.0,1.0,0.0
19,-0.17499999999999996,-0.31309334072482853,1.0,0.0,0.0,0.0,0.0,1.0,20.0,1.0,0.0,0.0,0.0
20,0.48571428571428577,0.5000433095419583,0.0,0.0,1.0,0.0,1.0,0.0,21.0,0.0,1.0,0.0,0.0
21,0.4142857142857143,-0.06298073591573695,0.0,0.0,1.0,0.0,1.0,0.0,22.0,1.0,1.0,0.0,0.0
22,-0.9428571428571428,-0.27826380708197634,0.0,1.0,0.0,0.0,0.0,1.0,23.0,1.0,0.0,0.0,0.0
23,-0.014285714285714235,0.9114839581456586,0.0,0.0,1.0,1.0,0.0,0.0,24.0,1.0,1.0,0.0,0.0
24,-1.4428571428571428,0.2867438153974083,0.0,0.0,1.0,0.0,0.0,1.0,25.0,0.0,0.0,3.0,1.0
25,0.7000000000000001,0.7333734668422146,0.0,0.0,1.0,0.0,0.0,1.0,26.0,1.0,0.0,1.0,5.0
26,-0.17499999999999996,-0.31309334072482853,1.0,0.0,0.0,0.0,0.0,1.0,27.0,0.0,1.0,0.0,0.0
27,-0.6571428571428571,10.764404753655324,0.0,0.0,1.0,1.0,0.0,0.0,28.0,0.0,1.0,3.0,2.0
28,0.27857142857142875,-0.28476023837571895,0.0,1.0,0.0,0.0,0.0,1.0,29.0,1.0,0.0,0.0,0.0
29,-0.11428571428571413,-0.2840412999792114,0.0,0.0,1.0,0.0,0.0,1.0,30.0,0.0,1.0,0.0,0.0
30,0.8428571428571429,0.5745703693437738,1.0,0.0,0.0,1.0,0.0,0.0,31.0,0.0,1.0,0.0,0.0
31,0.14228571428571435,5.719743953987942,1.0,0.0,0.0,1.0,0.0,0.0,32.0,1.0,0.0,1.0,0.0
32,0.10714285714285714,-0.29035583119672925,0.0,1.0,0.0,0.0,0.0,1.0,33.0,1.0,0.0,0.0,0.0
33,2.6999999999999997,-0.1712545908114476,0.0,0.0,1.0,0.0,1.0,0.0,34.0,0.0,1.0,0.0,0.0
34,-0.014285714285714235,2.9327749289723513,1.0,0.0,0.0,1.0,0.0,0.0,35.0,0.0,1.0,1.0,0.0
35,0.9857142857142858,1.6260914004573488,0.0,0.0,1.0,1.0,0.0,0.0,36.0,0.0,1.0,1.0,0.0
36,-0.19642857142857142,-0.3129114406486037,1.0,0.0,0.0,0.0,0.0,1.0,37.0,1.0,1.0,0.0,0.0
37,-0.5142857142857142,-0.277362968609244,0.0,0.0,1.0,0.0,0.0,1.0,38.0,0.0,1.0,0.0,0.0
38,-0.7285714285714285,0.15356697387568427,0.0,0.0,1.0,0.0,0.0,1.0,39.0,0.0,0.0,2.0,0.0
39,-1.0142857142857142,-0.13913190354098817,1.0,0.0,0.0,0.0,0.0,1.0,40.0,1.0,0.0,1.0,0.0
40,0.8428571428571429,-0.21564687131868895,0.0,0.0,1.0,0.0,0.0,1.0,41.0,0.0,0.0,1.0,0.0
41,-0.08571428571428566,0.283495599750537,0.0,0.0,1.0,0.0,1.0,0.0,42.0,0.0,0.0,1.0,0.0
42,-0.11428571428571413,-0.2840412999792114,1.0,0.0,0.0,0.0,0.0,1.0,43.0,0.0,1.0,0.0,0.0
43,-1.8,1.1747713256184602,1.0,0.0,0.0,0.0,1.0,0.0,44.0,1.0,0.0,1.0,2.0
44,-0.6571428571428571,-0.28476023837571895,0.0,1.0,0.0,0.0,0.0,1.0,45.0,1.0,0.0,0.0,0.0
45,0.0,-0.277362968609244,0.0,0.0,1.0,0.0,0.0,1.0,46.0,0.0,1.0,0.0,0.0
46,-0.13571428571428562,0.04529311897997366,0.0,1.0,0.0,0.0,0.0,1.0,47.0,0.0,1.0,1.0,0.0
47,0.10714285714285714,-0.29035583119672925,0.0,1.0,0.0,0.0,0.0,1.0,48.0,1.0,0.0,0.0,0.0
48,-0.5785714285714284,0.31291144064860377,1.0,0.0,0.0,0.0,0.0,1.0,49.0,0.0,1.0,2.0,0.0
49,-0.7285714285714285,0.14490506548402746,0.0,0.0,1.0,0.0,0.0,1.0,50.0,0.0,0.0,1.0,0.0
50,-1.5142857142857142,1.092842665095974,0.0,0.0,1.0,0.0,0.0,1.0,51.0,0.0,1.0,4.0,1.0
51,-0.5142857142857142,-0.28819035409881505,0.0,0.0,1.0,0.0,0.0,1.0,52.0,0.0,1.0,0.0,0.0
52,1.4857142857142858,2.6971017254521517,1.0,0.0,0.0,1.0,0.0,0.0,53.0,1.0,0.0,1.0,0.0
53,0.0571428571428572,0.5000433095419583,0.0,0.0,1.0,0.0,1.0,0.0,54.0,1.0,0.0,1.0,0.0
54,2.6285714285714286,2.058285981567459,1.0,0.0,0.0,1.0,0.0,0.0,55.0,0.0,1.0,0.0,1.0
55,0.27857142857142875,0.9114839581456586,0.0,0.0,1.0,1.0,0.0,0.0,56.0,1.0,1.0,0.0,0.0
56,-0.5142857142857142,-0.1712545908114476,0.0,0.0,1.0,0.0,1.0,0.0,57.0,1.0,0.0,0.0,0.0
57,0.02142857142857148,-0.3129114406486037,1.0,0.0,0.0,0.0,0.0,1.0,58.0,0.0,1.0,0.0,0.0
58,-1.657142857142857,0.5758350079689557,0.0,0.0,1.0,0.0,1.0,0.0,59.0,1.0,0.0,1.0,2.0
59,-1.2285714285714284,1.405212736470099,0.0,0.0,1.0,0.0,0.0,1.0,60.0,0.0,1.0,5.0,2.0
60,-0.4428571428571428,-0.3129114406486037,1.0,0.0,0.0,0.0,0.0,1.0,61.0,0.0,1.0,0.0,0.0
61,0.7000000000000001,2.8387585752893076,0.0,0.0,1.0,1.0,0.0,0.0,62.0,1.0,0.0,0.0,0.0
62,1.2,2.9892592335943453,0.0,0.0,1.0,1.0,0.0,0.0,63.0,0.0,1.0,1.0,0.0
63,-1.7285714285714284,0.5823314392626983,0.0,0.0,1.0,0.0,0.0,1.0,64.0,0.0,1.0,3.0,2.0
64,0.21428571428571427,0.5745703693437738,1.0,0.0,0.0,1.0,0.0,0.0,65.0,0.0,1.0,0.0,0.0
65,-0.03571428571428571,0.03428383341417777,1.0,0.0,0.0,0.0,0.0,1.0,66.0,1.0,1.0,1.0,1.0
66,0.0571428571428572,-0.1712545908114476,0.0,0.0,1.0,0.0,1.0,0.0,67.0,1.0,0.0,0.0,0.0
67,-0.6571428571428571,-0.27267254521516177,0.0,0.0,1.0,0.0,0.0,1.0,68.0,0.0,1.0,0.0,0.0
68,-0.7999999999999999,-0.2827766613540295,0.0,0.0,1.0,0.0,0.0,1.0,69.0,1.0,0.0,4.0,2.0
69,-0.15714285714285708,-0.2508358741597949,0.0,0.0,1.0,0.0,0.0,1.0,70.0,0.0,1.0,2.0,0.0
70,0.27142857142857146,-0.1712545908114476,0.0,0.0,1.0,0.0,1.0,0.0,71.0,0.0,1.0,0.0,0.0
71,-0.8714285714285713,1.405212736470099,0.0,0.0,1.0,0.0,0.0,1.0,72.0,0.0,0.0,5.0,2.0
72,-0.5142857142857142,2.55724655256046,0.0,0.0,1.0,0.0,1.0,0.0,73.0,0.0,1.0,0.0,0.0
73,-0.15714285714285708,0.0,1.0,0.0,0.0,0.0,0.0,1.0,74.0,0.0,1.0,1.0,0.0
74,0.27142857142857146,1.8208024391934032,0.0,0.0,1.0,0.0,0.0,1.0,75.0,1.0,1.0,0.0,0.0
75,-0.2285714285714285,-0.29468678539255766,0.0,0.0,1.0,0.0,0.0,1.0,76.0,0.0,1.0,0.0,0.0
76,-0.11428571428571413,-0.2840412999792114,0.0,0.0,1.0,0.0,0.0,1.0,77.0,0.0,1.0,0.0,0.0
77,0.0,-0.277362968609244,0.0,0.0,1.0,0.0,0.0,1.0,78.0,0.0,1.0,0.0,0.0
78,-1.955,0.629971935416811,0.0,0.0,1.0,0.0,1.0,0.0,79.0,1.0,1.0,0.0,2.0
79,0.12857142857142861,-0.0857182454438362,0.0,0.0,1.0,0.0,0.0,1.0,80.0,1.0,0.0,0.0,0.0
80,-0.4428571428571428,-0.23621890374887394,0.0,0.0,1.0,0.0,0.0,1.0,81.0,0.0,1.0,0.0,0.0
81,0.0571428571428572,-0.21456413276973182,0.0,0.0,1.0,0.0,0.0,1.0,82.0,1.0,1.0,0.0,0.0
82,-0.22142857142857128,-0.2887317233732936,0.0,1.0,0.0,0.0,0.0,1.0,83.0,1.0,0.0,0.0,0.0
83,-0.014285714285714235,1.4138746448617558,0.0,0.0,1.0,1.0,0.0,0.0,84.0,0.0,1.0,0.0,0.0
84,-0.7999999999999999,-0.1712545908114476,0.0,0.0,1.0,0.0,1.0,0.0,85.0,1.0,0.0,0.0,0.0
85,0.3428571428571429,0.06045145866537313,0.0,0.0,1.0,0.0,0.0,1.0,86.0,1.0,0.0,3.0,0.0
86,-0.8714285714285713,0.8627607234425888,0.0,0.0,1.0,0.0,0.0,1.0,87.0,0.0,1.0,1.0,3.0
87,0.0,-0.277362968609244,0.0,0.0,1.0,0.0,0.0,1.0,88.0,0.0,1.0,0.0,0.0
88,-0.3714285714285714,10.764404753655324,0.0,0.0,1.0,1.0,0.0,0.0,89.0,1.0,0.0,3.0,2.0
89,-0.29999999999999993,-0.277362968609244,0.0,0.0,1.0,0.0,0.0,1.0,90.0,0.0,1.0,0.0,0.0
90,0.0571428571428572,-0.277362968609244,0.0,0.0,1.0,0.0,0.0,1.0,91.0,0.0,1.0,0.0,0.0
91,-0.5857142857142856,-0.2858429769246761,0.0,0.0,1.0,0.0,0.0,1.0,92.0,0.0,1.0,0.0,0.0
92,1.2714285714285716,2.0234564479246067,0.0,0.0,1.0,1.0,0.0,0.0,93.0,0.0,1.0,1.0,0.0
93,-0.15714285714285708,0.2650890444182662,0.0,0.0,1.0,0.0,0.0,1.0,94.0,0.0,1.0,1.0,2.0
94,2.2,-0.3120106021758714,0.0,0.0,1.0,0.0,0.0,1.0,95.0,0.0,1.0,0.0,0.0
95,0.0,-0.277362968609244,0.0,0.0,1.0,0.0,0.0,1.0,96.0,0.0,1.0,0.0,0.0
96,3.057142857142857,0.8748527475573419,1.0,0.0,0.0,1.0,0.0,0.0,97.0,0.0,1.0,0.0,0.0
97,-0.3714285714285714,2.1180141708821285,1.0,0.0,0.0,1.0,0.0,0.0,98.0,1.0,1.0,0.0,1.0
98,0.4142857142857143,0.37011468366710554,0.0,0.0,1.0,0.0,1.0,0.0,99.0,1.0,0.0,0.0,1.0
99,0.4142857142857143,0.5000433095419583,0.0,0.0,1.0,0.0,1.0,0.0,100.0,0.0,1.0,1.0,0.0
100,-0.014285714285714235,-0.2840412999792114,0.0,0.0,1.0,0.0,0.0,1.0,101.0,0.0,0.0,0.0,0.0
101,-0.11428571428571413,-0.2840412999792114,0.0,0.0,1.0,0.0,0.0,1.0,102.0,0.0,1.0,0.0,0.0
102,-0.5142857142857142,2.721281442727461,0.0,0.0,1.0,1.0,0.0,0.0,103.0,0.0,1.0,0.0,1.0
103,0.3428571428571429,-0.25119534335804866,0.0,0.0,1.0,0.0,0.0,1.0,104.0,0.0,1.0,0.0,0.0
104,0.6285714285714287,-0.2827766613540295,0.0,0.0,1.0,0.0,0.0,1.0,105.0,0.0,1.0,2.0,0.0
105,-0.014285714285714235,-0.2840412999792114,0.0,0.0,1.0,0.0,0.0,1.0,106.0,0.0,1.0,0.0,0.0
106,-0.5142857142857142,-0.29468678539255766,0.0,0.0,1.0,0.0,0.0,1.0,107.0,1.0,0.0,0.0,0.0
107,-0.35714285714285715,-0.2892730926477721,0.0,0.0,1.0,0.0,0.0,1.0,108.0,1.0,1.0,0.0,0.0
108,0.7000000000000001,-0.2840412999792114,0.0,0.0,1.0,0.0,0.0,1.0,109.0,0.0,1.0,0.0,0.0
109,-0.06428571428571418,0.41992065691913233,0.0,1.0,0.0,0.0,0.0,1.0,110.0,1.0,0.0,1.0,0.0
110,1.342857142857143,1.6260914004573488,0.0,0.0,1.0,1.0,0.0,0.0,111.0,0.0,1.0,0.0,0.0
111,-0.9785714285714285,0.0,1.0,0.0,0.0,0.0,0.0,1.0,112.0,0.0,0.0,1.0,0.0
112,-0.4428571428571428,-0.277362968609244,0.0,0.0,1.0,0.0,0.0,1.0,113.0,0.0,1.0,0.0,0.0
113,-0.5857142857142856,-0.20048853163328947,0.0,0.0,1.0,0.0,0.0,1.0,114.0,0.0,0.0,1.0,0.0
114,-0.7999999999999999,0.00017756912202893625,1.0,0.0,0.0,0.0,0.0,1.0,115.0,0.0,0.0,0.0,0.0
115,-0.5142857142857142,-0.2827766613540295,0.0,0.0,1.0,0.0,0.0,1.0,116.0,0.0,1.0,0.0,0.0
116,3.0214285714285714,-0.29035583119672925,0.0,1.0,0.0,0.0,0.0,1.0,117.0,0.0,1.0,0.0,0.0
117,0.0571428571428572,0.283495599750537,0.0,0.0,1.0,0.0,1.0,0.0,118.0,0.0,1.0,1.0,0.0
118,-0.29999999999999993,10.094007691774651,1.0,0.0,0.0,1.0,0.0,0.0,119.0,0.0,1.0,0.0,1.0
119,-1.8714285714285714,0.7285011433719076,0.0,0.0,1.0,0.0,0.0,1.0,120.0,0.0,0.0,4.0,2.0
120,-0.5142857142857142,2.55724655256046,0.0,0.0,1.0,0.0,1.0,0.0,121.0,0.0,1.0,2.0,0.0
121,0.0,-0.277362968609244,0.0,0.0,1.0,0.0,0.0,1.0,122.0,0.0,1.0,0.0,0.0
122,0.3071428571428572,0.6763477929457417,1.0,0.0,0.0,0.0,1.0,0.0,123.0,0.0,1.0,1.0,0.0
123,0.3071428571428572,-0.06298073591573695,0.0,0.0,1.0,0.0,1.0,0.0,124.0,1.0,0.0,0.0,0.0
124,1.842857142857143,2.721281442727461,0.0,0.0,1.0,1.0,0.0,0.0,125.0,0.0,1.0,0.0,1.0
125,-1.157142857142857,-0.13913190354098817,1.0,0.0,0.0,0.0,0.0,1.0,126.0,1.0,1.0,1.0,0.0
126,0.10714285714285714,-0.29035583119672925,0.0,1.0,0.0,0.0,0.0,1.0,127.0,0.0,1.0,0.0,0.0
127,-0.29999999999999993,-0.31670102556995355,0.0,0.0,1.0,0.0,0.0,1.0,128.0,1.0,1.0,0.0,0.0
128,-0.7000000000000001,0.34232295059247453,1.0,0.0,0.0,0.0,0.0,1.0,129.0,1.0,0.0,1.0,1.0
129,1.2,-0.32392072621439955,0.0,0.0,1.0,0.0,0.0,1.0,130.0,0.0,1.0,0.0,0.0
130,0.3428571428571429,-0.2840412999792114,1.0,0.0,0.0,0.0,0.0,1.0,131.0,0.0,1.0,0.0,0.0
131,-0.5857142857142856,-0.32067251056752827,0.0,0.0,1.0,0.0,0.0,1.0,132.0,0.0,1.0,0.0,0.0
132,1.342857142857143,0.001983577021689412,0.0,0.0,1.0,0.0,0.0,1.0,133.0,0.0,0.0,1.0,0.0
133,0.0571428571428572,0.5000433095419583,0.0,0.0,1.0,0.0,1.0,0.0,134.0,1.0,0.0,1.0,0.0
134,-0.2285714285714285,-0.06298073591573695,0.0,0.0,1.0,0.0,1.0,0.0,135.0,0.0,1.0,0.0,0.0
135,-0.3714285714285714,0.025621925022520947,1.0,0.0,0.0,0.0,1.0,0.0,136.0,0.0,1.0,0.0,0.0
136,-0.6571428571428571,0.5123129027787402,0.0,0.0,1.0,1.0,0.0,0.0,137.0,1.0,0.0,0.0,2.0
137,0.6285714285714287,1.6737318966114614,0.0,0.0,1.0,1.0,0.0,0.0,138.0,0.0,1.0,1.0,0.0
138,-0.8714285714285713,-0.22683372600651378,0.0,0.0,1.0,0.0,0.0,1.0,139.0,0.0,1.0,0.0,0.0
139,-0.29999999999999993,2.8041109417226804,1.0,0.0,0.0,1.0,0.0,0.0,140.0,0.0,1.0,0.0,0.0
140,-0.03571428571428571,0.03428383341417777,1.0,0.0,0.0,0.0,0.0,1.0,141.0,0.0,0.0,0.0,2.0
141,-0.4428571428571428,-0.29035583119672925,0.0,0.0,1.0,0.0,0.0,1.0,142.0,1.0,0.0,0.0,0.0
142,-0.29999999999999993,0.06045145866537313,0.0,0.0,1.0,0.0,0.0,1.0,143.0,1.0,0.0,1.0,0.0
143,-0.6571428571428571,-0.3336653731550135,0.0,1.0,0.0,0.0,0.0,1.0,144.0,0.0,1.0,0.0,0.0
144,-0.7285714285714285,-0.12794504885316332,0.0,0.0,1.0,0.0,1.0,0.0,145.0,0.0,1.0,0.0,0.0
145,-0.6571428571428571,0.9656208855935139,0.0,0.0,1.0,0.0,1.0,0.0,146.0,0.0,1.0,1.0,1.0
146,-0.08571428571428566,-0.28837225417503987,0.0,0.0,1.0,0.0,0.0,1.0,147.0,1.0,1.0,0.0,0.0
147,-1.3714285714285714,0.8627607234425888,0.0,0.0,1.0,0.0,0.0,1.0,148.0,0.0,0.0,2.0,2.0
148,0.5928571428571429,0.5000433095419583,0.0,0.0,1.0,0.0,1.0,0.0,149.0,0.0,1.0,0.0,2.0
149,0.9857142857142858,-0.06298073591573695,0.0,0.0,1.0,0.0,1.0,0.0,150.0,0.0,1.0,0.0,0.0
150,1.6285714285714286,-0.08355276834592196,0.0,0.0,1.0,0.0,1.0,0.0,151.0,0.0,1.0,0.0,0.0
151,-0.4428571428571428,2.2584107130482987,0.0,0.0,1.0,1.0,0.0,0.0,152.0,1.0,0.0,1.0,0.0
152,1.95,-0.277362968609244,0.0,0.0,1.0,0.0,0.0,1.0,153.0,0.0,1.0,0.0,0.0
153,0.8785714285714287,0.001983577021689412,0.0,0.0,1.0,0.0,0.0,1.0,154.0,0.0,1.0,0.0,2.0
154,0.06071428571428582,-0.30930375580347863,0.0,0.0,1.0,0.0,0.0,1.0,155.0,0.0,1.0,0.0,0.0
155,1.6285714285714286,2.0323002563924883,1.0,0.0,0.0,1.0,0.0,0.0,156.0,0.0,1.0,0.0,1.0
156,-0.8714285714285713,-0.29107910054743263,0.0,1.0,0.0,0.0,0.0,1.0,157.0,1.0,0.0,0.0,0.0
157,0.12857142857142861,-0.277362968609244,0.0,0.0,1.0,0.0,0.0,1.0,158.0,0.0,1.0,0.0,0.0
158,-0.20714285714285705,-0.2508358741597949,0.0,0.0,1.0,0.0,0.0,1.0,159.0,0.0,1.0,0.0,0.0
159,0.17142857142857157,2.3861738618252373,0.0,0.0,1.0,0.0,0.0,1.0,160.0,0.0,1.0,8.0,2.0
160,1.1285714285714286,0.07127884415494427,0.0,0.0,1.0,0.0,0.0,1.0,161.0,0.0,1.0,0.0,1.0
161,0.8428571428571429,0.056120504469544724,0.0,0.0,1.0,0.0,1.0,0.0,162.0,1.0,0.0,0.0,0.0
162,-0.15714285714285708,-0.2892730926477721,0.0,0.0,1.0,0.0,0.0,1.0,163.0,0.0,1.0,0.0,0.0
163,-0.7999999999999999,-0.2508358741597949,0.0,0.0,1.0,0.0,0.0,1.0,164.0,0.0,1.0,0.0,0.0
164,-1.9428571428571428,1.092842665095974,0.0,0.0,1.0,0.0,0.0,1.0,165.0,0.0,1.0,4.0,1.0
165,-1.3714285714285714,0.26292356732035194,0.0,0.0,1.0,0.0,0.0,1.0,166.0,1.0,1.0,0.0,2.0
166,0.1857142857142858,1.7560200263322014,0.0,0.0,1.0,1.0,0.0,0.0,167.0,1.0,0.0,0.0,1.0
167,1.2,0.5823314392626983,0.0,0.0,1.0,0.0,0.0,1.0,168.0,0.0,0.0,1.0,4.0
168,0.9535714285714284,0.49679509389508697,0.0,0.0,1.0,1.0,0.0,0.0,169.0,0.0,1.0,0.0,0.0
169,-0.014285714285714235,1.8208024391934032,0.0,0.0,1.0,0.0,0.0,1.0,170.0,0.0,1.0,0.0,0.0
170,2.3428571428571425,0.8248648742290902,0.0,0.0,1.0,1.0,0.0,0.0,171.0,0.0,1.0,0.0,0.0
171,-1.7285714285714284,0.6353856281615965,0.0,1.0,0.0,0.0,0.0,1.0,172.0,0.0,1.0,4.0,1.0
172,-1.9428571428571428,-0.14382665788926616,0.0,0.0,1.0,0.0,0.0,1.0,173.0,1.0,0.0,1.0,1.0
173,-0.5142857142857142,-0.2827766613540295,0.0,0.0,1.0,0.0,0.0,1.0,174.0,0.0,1.0,0.0,0.0
174,1.9857142857142858,0.7034162566696693,1.0,0.0,0.0,1.0,0.0,0.0,175.0,0.0,1.0,0.0,0.0
175,-0.7285714285714285,-0.2858429769246761,0.0,0.0,1.0,0.0,0.0,1.0,176.0,0.0,1.0,1.0,1.0
176,0.14285714285714285,0.4769463308156052,0.0,0.0,1.0,0.0,0.0,1.0,177.0,0.0,1.0,3.0,1.0
177,1.5571428571428572,0.6175204421038042,1.0,0.0,0.0,1.0,0.0,0.0,178.0,0.0,0.0,0.0,0.0
178,0.12857142857142861,-0.06298073591573695,0.0,0.0,1.0,0.0,1.0,0.0,179.0,0.0,1.0,0.0,0.0
179,0.5571428571428572,-0.6260047813734322,0.0,0.0,1.0,0.0,0.0,1.0,180.0,0.0,1.0,0.0,0.0
180,0.17142857142857157,2.3861738618252373,0.0,0.0,1.0,0.0,0.0,1.0,181.0,0.0,0.0,8.0,2.0
181,0.040500000000000265,0.025803825098745778,1.0,0.0,0.0,0.0,1.0,0.0,182.0,0.0,1.0,0.0,0.0
182,-1.3714285714285714,0.7333734668422146,0.0,0.0,1.0,0.0,0.0,1.0,183.0,0.0,1.0,4.0,2.0
183,-1.9428571428571428,1.0630673549996534,0.0,0.0,1.0,0.0,1.0,0.0,184.0,1.0,1.0,2.0,1.0
184,-1.7285714285714284,0.3278878802577783,0.0,0.0,1.0,0.0,0.0,1.0,185.0,1.0,0.0,0.0,2.0
185,0.9214285714285716,1.5394723165407802,0.0,0.0,1.0,1.0,0.0,0.0,186.0,0.0,1.0,0.0,0.0
186,-0.13571428571428562,0.04529311897997366,0.0,1.0,0.0,0.0,0.0,1.0,187.0,1.0,0.0,1.0,0.0
187,1.2,0.5238635576190146,0.0,0.0,1.0,1.0,0.0,0.0,188.0,1.0,1.0,0.0,0.0
188,0.8428571428571429,0.04529311897997366,0.0,1.0,0.0,0.0,0.0,1.0,189.0,0.0,1.0,1.0,1.0
189,0.5571428571428572,-0.2840412999792114,0.0,0.0,1.0,0.0,0.0,1.0,190.0,0.0,1.0,0.0,0.0
190,0.27142857142857146,-0.06298073591573695,0.0,0.0,1.0,0.0,1.0,0.0,191.0,1.0,0.0,0.0,0.0
191,-0.6571428571428571,-0.06298073591573695,0.0,0.0,1.0,0.0,1.0,0.0,192.0,0.0,1.0,0.0,0.0
192,-0.6571428571428571,-0.2858429769246761,0.0,0.0,1.0,0.0,0.0,1.0,193.0,1.0,0.0,1.0,0.0
193,-1.8,0.5000433095419583,0.0,0.0,1.0,0.0,1.0,0.0,194.0,1.0,1.0,1.0,1.0
194,1.1285714285714286,0.5745703693437738,1.0,0.0,0.0,1.0,0.0,0.0,195.0,1.0,0.0,0.0,0.0
195,2.1285714285714286,5.719743953987942,1.0,0.0,0.0,1.0,0.0,0.0,196.0,1.0,0.0,0.0,0.0
196,0.10714285714285714,-0.29035583119672925,0.0,1.0,0.0,0.0,0.0,1.0,197.0,0.0,1.0,0.0,0.0
197,0.9857142857142858,-0.26202272884761973,0.0,0.0,1.0,0.0,0.0,1.0,198.0,0.0,1.0,0.0,1.0
198,0.10714285714285714,-0.29035583119672925,0.0,1.0,0.0,0.0,0.0,1.0,199.0,1.0,0.0,0.0,0.0
199,-0.29999999999999993,-0.06298073591573695,0.0,0.0,1.0,0.0,1.0,0.0,200.0,0.0,0.0,0.0,0.0
200,-0.014285714285714235,-0.21456413276973182,0.0,0.0,1.0,0.0,0.0,1.0,201.0,0.0,1.0,0.0,0.0
201,0.17142857142857157,2.3861738618252373,0.0,0.0,1.0,0.0,0.0,1.0,202.0,0.0,1.0,8.0,2.0
202,0.4142857142857143,-0.3446746587208094,0.0,0.0,1.0,0.0,0.0,1.0,203.0,0.0,1.0,0.0,0.0
203,1.2357142857142858,-0.31309334072482853,1.0,0.0,0.0,0.0,0.0,1.0,204.0,0.0,1.0,0.0,0.0
204,-0.7285714285714285,-0.277362968609244,0.0,0.0,1.0,0.0,0.0,1.0,205.0,1.0,1.0,0.0,0.0
205,-1.8714285714285714,-0.17287869863488323,0.0,0.0,1.0,0.0,0.0,1.0,206.0,0.0,0.0,0.0,1.0
206,0.27142857142857146,0.06045145866537313,0.0,0.0,1.0,0.0,0.0,1.0,207.0,0.0,1.0,1.0,0.0
207,-0.15714285714285708,0.18767323816783318,1.0,0.0,0.0,0.0,0.0,1.0,208.0,1.0,1.0,0.0,0.0
208,-0.8714285714285713,-0.29035583119672925,0.0,1.0,0.0,0.0,0.0,1.0,209.0,1.0,0.0,0.0,0.0
209,0.8428571428571429,0.7165910193333795,1.0,0.0,0.0,1.0,0.0,0.0,210.0,1.0,1.0,0.0,0.0
210,-0.29999999999999993,-0.32067251056752827,0.0,0.0,1.0,0.0,0.0,1.0,211.0,0.0,1.0,0.0,0.0
211,0.48571428571428577,0.283495599750537,0.0,0.0,1.0,0.0,1.0,0.0,212.0,1.0,0.0,0.0,0.0
212,-0.4428571428571428,-0.3120106021758714,0.0,0.0,1.0,0.0,0.0,1.0,213.0,0.0,1.0,0.0,0.0
213,0.12857142857142861,-0.06298073591573695,0.0,0.0,1.0,0.0,1.0,0.0,214.0,0.0,1.0,0.0,0.0
214,0.10714285714285714,-0.29035583119672925,0.0,1.0,0.0,0.0,0.0,1.0,215.0,0.0,1.0,1.0,0.0
215,0.20000000000000004,4.279883583951216,1.0,0.0,0.0,1.0,0.0,0.0,216.0,1.0,0.0,1.0,0.0
216,-0.08571428571428566,-0.2827766613540295,0.0,0.0,1.0,0.0,0.0,1.0,217.0,1.0,0.0,0.0,0.0
217,0.9857142857142858,0.5433528515002425,0.0,0.0,1.0,0.0,1.0,0.0,218.0,0.0,1.0,1.0,0.0
218,0.27142857142857146,2.6781538008454024,1.0,0.0,0.0,1.0,0.0,0.0,219.0,1.0,0.0,0.0,0.0
219,0.12857142857142861,-0.1712545908114476,0.0,0.0,1.0,0.0,1.0,0.0,220.0,0.0,1.0,0.0,0.0
220,-0.8714285714285713,-0.277362968609244,0.0,0.0,1.0,0.0,0.0,1.0,221.0,1.0,1.0,0.0,0.0
221,-0.08571428571428566,-0.06298073591573695,0.0,0.0,1.0,0.0,1.0,0.0,222.0,0.0,1.0,0.0,0.0
222,1.6285714285714286,-0.277362968609244,0.0,0.0,1.0,0.0,0.0,1.0,223.0,0.0,1.0,0.0,0.0
223,-0.11428571428571413,-0.2840412999792114,0.0,0.0,1.0,0.0,0.0,1.0,224.0,0.0,1.0,0.0,0.0
224,0.7000000000000001,3.27185399487215,0.0,0.0,1.0,1.0,0.0,0.0,225.0,1.0,1.0,1.0,0.0
225,-0.4428571428571428,-0.2210605640634745,0.0,0.0,1.0,0.0,0.0,1.0,226.0,0.0,1.0,0.0,0.0
226,-0.6571428571428571,-0.1712545908114476,0.0,0.0,1.0,0.0,1.0,0.0,227.0,1.0,1.0,0.0,0.0
227,-0.5499999999999999,-0.3120106021758714,0.0,0.0,1.0,0.0,0.0,1.0,228.0,0.0,1.0,0.0,0.0
228,-0.7285714285714285,-0.06298073591573695,0.0,0.0,1.0,0.0,1.0,0.0,229.0,0.0,1.0,0.0,0.0
229,0.14285714285714285,0.4769463308156052,0.0,0.0,1.0,0.0,0.0,1.0,230.0,0.0,0.0,3.0,1.0
230,0.48571428571428577,2.9892592335943453,0.0,0.0,1.0,1.0,0.0,0.0,231.0,1.0,0.0,1.0,0.0
231,0.0571428571428572,-0.2892730926477721,0.0,0.0,1.0,0.0,0.0,1.0,232.0,0.0,1.0,0.0,0.0
232,2.2,-0.041325964936594836,0.0,0.0,1.0,0.0,1.0,0.0,233.0,0.0,1.0,0.0,0.0
233,-1.657142857142857,0.7333734668422146,0.0,0.0,1.0,0.0,0.0,1.0,234.0,1.0,0.0,4.0,2.0
234,-0.29999999999999993,-0.1712545908114476,0.0,0.0,1.0,0.0,1.0,0.0,235.0,0.0,1.0,0.0,0.0
235,-0.07142857142857142,-0.2990177395883861,0.0,0.0,1.0,0.0,0.0,1.0,236.0,0.0,0.0,0.0,0.0
236,1.1285714285714286,0.5000433095419583,0.0,0.0,1.0,0.0,1.0,0.0,237.0,0.0,1.0,1.0,0.0
237,-1.4428571428571428,0.5108706950315294,0.0,0.0,1.0,0.0,1.0,0.0,238.0,1.0,0.0,0.0,2.0
238,-0.6571428571428571,-0.1712545908114476,0.0,0.0,1.0,0.0,1.0,0.0,239.0,0.0,1.0,0.0,0.0
239,0.3428571428571429,-0.09438015383549303,0.0,0.0,1.0,0.0,1.0,0.0,240.0,0.0,1.0,0.0,0.0
240,-0.5416428571428573,0.0,1.0,0.0,0.0,0.0,0.0,1.0,241.0,0.0,0.0,1.0,0.0
241,-0.13571428571428562,0.04529311897997366,0.0,1.0,0.0,0.0,0.0,1.0,242.0,1.0,0.0,1.0,0.0
242,0.0571428571428572,-0.1712545908114476,0.0,0.0,1.0,0.0,1.0,0.0,243.0,0.0,1.0,0.0,0.0
243,-0.4428571428571428,-0.31742429492065694,0.0,0.0,1.0,0.0,0.0,1.0,244.0,0.0,1.0,0.0,0.0
244,0.12857142857142861,-0.31309334072482853,1.0,0.0,0.0,0.0,0.0,1.0,245.0,0.0,1.0,0.0,0.0
245,1.1285714285714286,3.27185399487215,0.0,1.0,0.0,1.0,0.0,0.0,246.0,0.0,1.0,2.0,0.0
246,-0.2285714285714285,-0.2892730926477721,0.0,0.0,1.0,0.0,0.0,1.0,247.0,0.0,0.0,0.0,0.0
247,-0.29999999999999993,0.001983577021689412,0.0,0.0,1.0,0.0,1.0,0.0,248.0,1.0,0.0,0.0,2.0
248,0.6285714285714287,1.6500935486106298,0.0,0.0,1.0,1.0,0.0,0.0,249.0,1.0,1.0,1.0,1.0
249,1.842857142857143,0.5000433095419583,0.0,0.0,1.0,0.0,1.0,0.0,250.0,0.0,1.0,1.0,0.0
250,0.06071428571428582,-0.3120106021758714,0.0,0.0,1.0,0.0,0.0,1.0,251.0,0.0,1.0,0.0,0.0
251,0.0571428571428572,-0.17287869863488323,0.0,0.0,1.0,0.0,0.0,1.0,252.0,0.0,0.0,1.0,1.0
252,2.414285714285714,0.5238635576190146,0.0,0.0,1.0,1.0,0.0,0.0,253.0,0.0,1.0,0.0,0.0
253,0.12857142857142861,0.07127884415494427,0.0,0.0,1.0,0.0,0.0,1.0,254.0,0.0,1.0,1.0,0.0
254,0.9142857142857144,0.24938933545838812,0.0,0.0,1.0,0.0,0.0,1.0,255.0,0.0,0.0,0.0,2.0
255,0.0571428571428572,0.03428383341417777,1.0,0.0,0.0,0.0,0.0,1.0,256.0,1.0,0.0,0.0,2.0
256,0.8500000000000002,2.8041109417226804,1.0,0.0,0.0,1.0,0.0,0.0,257.0,1.0,0.0,0.0,0.0
257,0.12857142857142861,3.120270598018155,0.0,0.0,1.0,1.0,0.0,0.0,258.0,1.0,0.0,0.0,0.0
258,0.48571428571428577,21.56273820248077,1.0,0.0,0.0,1.0,0.0,0.0,259.0,1.0,0.0,0.0,0.0
259,1.5571428571428572,0.5000433095419583,0.0,0.0,1.0,0.0,1.0,0.0,260.0,1.0,0.0,0.0,1.0
260,0.10714285714285714,-0.29035583119672925,0.0,1.0,0.0,0.0,0.0,1.0,261.0,0.0,1.0,0.0,0.0
261,-1.8,0.7333734668422146,0.0,0.0,1.0,0.0,0.0,1.0,262.0,1.0,1.0,4.0,2.0
262,1.7,2.8236002356039083,0.0,0.0,1.0,1.0,0.0,0.0,263.0,0.0,1.0,1.0,1.0
263,0.8428571428571429,-0.6260047813734322,0.0,0.0,1.0,1.0,0.0,0.0,264.0,0.0,1.0,0.0,0.0
264,0.10714285714285714,-0.29035583119672925,0.0,1.0,0.0,0.0,0.0,1.0,265.0,0.0,0.0,0.0,0.0
265,0.5571428571428572,-0.1712545908114476,0.0,0.0,1.0,0.0,1.0,0.0,266.0,0.0,1.0,0.0,0.0
266,-0.8714285714285713,1.092842665095974,0.0,0.0,1.0,0.0,0.0,1.0,267.0,0.0,1.0,4.0,1.0
267,-0.2285714285714285,-0.2892730926477721,0.0,0.0,1.0,0.0,0.0,1.0,268.0,1.0,1.0,1.0,0.0
268,2.1285714285714286,6.020385801399765,0.0,0.0,1.0,1.0,0.0,0.0,269.0,1.0,0.0,0.0,1.0
269,0.48571428571428577,5.248211315917122,0.0,0.0,1.0,1.0,0.0,0.0,270.0,1.0,0.0,0.0,0.0
270,-0.3285714285714284,0.7165910193333795,0.0,0.0,1.0,1.0,0.0,0.0,271.0,0.0,1.0,0.0,0.0
271,-0.2285714285714285,-0.6260047813734322,0.0,0.0,1.0,0.0,0.0,1.0,272.0,1.0,1.0,0.0,0.0
272,0.9142857142857144,0.21853128681311065,0.0,0.0,1.0,0.0,1.0,0.0,273.0,1.0,0.0,0.0,1.0
273,0.6285714285714287,0.6602886147876099,1.0,0.0,0.0,1.0,0.0,0.0,274.0,0.0,1.0,0.0,1.0
274,0.10714285714285714,-0.29035583119672925,0.0,1.0,0.0,0.0,0.0,1.0,275.0,1.0,0.0,0.0,0.0
275,2.4857142857142853,2.7503334834730784,0.0,0.0,1.0,1.0,0.0,0.0,276.0,1.0,0.0,1.0,0.0
276,1.2,-0.29035583119672925,0.0,0.0,1.0,0.0,0.0,1.0,277.0,0.0,0.0,0.0,0.0
277,0.5571428571428572,-0.6260047813734322,0.0,0.0,1.0,0.0,1.0,0.0,278.0,0.0,1.0,0.0,0.0
278,-1.5142857142857142,0.6353856281615965,0.0,1.0,0.0,0.0,0.0,1.0,279.0,0.0,1.0,4.0,1.0
279,0.48571428571428577,0.25101344328182384,0.0,0.0,1.0,0.0,0.0,1.0,280.0,1.0,0.0,1.0,1.0
280,2.6285714285714286,-0.29035583119672925,0.0,1.0,0.0,0.0,0.0,1.0,281.0,0.0,1.0,0.0,0.0
281,-0.014285714285714235,-0.2858429769246761,0.0,0.0,1.0,0.0,0.0,1.0,282.0,0.0,1.0,0.0,0.0
282,-0.8714285714285713,-0.21456413276973182,0.0,0.0,1.0,0.0,0.0,1.0,283.0,0.0,1.0,0.0,0.0
283,-0.6571428571428571,-0.277362968609244,0.0,0.0,1.0,0.0,0.0,1.0,284.0,1.0,1.0,0.0,0.0
284,-0.05357142857142857,0.5000433095419583,0.0,0.0,1.0,1.0,0.0,0.0,285.0,0.0,1.0,0.0,0.0
285,0.3428571428571429,-0.2508358741597949,1.0,0.0,0.0,0.0,0.0,1.0,286.0,0.0,1.0,0.0,0.0
286,0.12857142857142861,-0.21456413276973182,0.0,0.0,1.0,0.0,0.0,1.0,287.0,1.0,1.0,0.0,0.0
287,-0.4428571428571428,-0.2840412999792114,0.0,0.0,1.0,0.0,0.0,1.0,288.0,0.0,1.0,0.0,0.0
288,0.9857142857142858,-0.06298073591573695,0.0,0.0,1.0,0.0,1.0,0.0,289.0,1.0,1.0,0.0,0.0
289,-0.4428571428571428,-0.29035583119672925,0.0,1.0,0.0,0.0,0.0,1.0,290.0,1.0,0.0,0.0,0.0
290,-0.15714285714285708,2.7889526020372806,0.0,0.0,1.0,1.0,0.0,0.0,291.0,1.0,0.0,0.0,0.0
291,-0.6571428571428571,3.3185936525535307,1.0,0.0,0.0,1.0,0.0,0.0,292.0,1.0,0.0,1.0,0.0
292,0.5571428571428572,-0.06839442866052249,1.0,0.0,0.0,0.0,1.0,0.0,293.0,0.0,1.0,0.0,0.0
293,-0.29999999999999993,-0.2427153350426166,0.0,0.0,1.0,0.0,0.0,1.0,294.0,0.0,0.0,0.0,0.0
294,-0.29999999999999993,-0.2840412999792114,0.0,0.0,1.0,0.0,0.0,1.0,295.0,0.0,1.0,0.0,0.0
295,0.21428571428571427,0.5745703693437738,1.0,0.0,0.0,1.0,0.0,0.0,296.0,0.0,1.0,0.0,0.0
296,-0.3357142857142857,-0.3129114406486037,1.0,0.0,0.0,0.0,0.0,1.0,297.0,0.0,1.0,0.0,0.0
297,-1.8714285714285714,5.937556302404546,0.0,0.0,1.0,1.0,0.0,0.0,298.0,0.0,0.0,1.0,2.0
298,0.42499999999999993,0.6949362483542374,0.0,0.0,1.0,1.0,0.0,0.0,299.0,1.0,1.0,0.0,0.0
299,1.5571428571428572,10.094007691774651,1.0,0.0,0.0,1.0,0.0,0.0,300.0,1.0,0.0,0.0,1.0
300,0.10714285714285714,-0.29035583119672925,0.0,1.0,0.0,0.0,0.0,1.0,301.0,1.0,0.0,0.0,0.0
301,0.0928571428571429,0.38094206915667655,0.0,1.0,0.0,0.0,0.0,1.0,302.0,1.0,1.0,2.0,0.0
302,-0.6571428571428571,-0.6260047813734322,0.0,0.0,1.0,0.0,0.0,1.0,303.0,0.0,1.0,0.0,0.0
303,-0.0928571428571429,-0.09113193818862174,0.0,1.0,0.0,0.0,1.0,0.0,304.0,1.0,0.0,0.0,0.0
304,0.0,-0.277362968609244,0.0,0.0,1.0,0.0,0.0,1.0,305.0,0.0,1.0,0.0,0.0
305,-1.9485714285714284,5.937556302404546,0.0,0.0,1.0,1.0,0.0,0.0,306.0,1.0,1.0,1.0,2.0
306,0.3571428571428574,4.1763001524495875,1.0,0.0,0.0,1.0,0.0,0.0,307.0,1.0,0.0,0.0,0.0
307,-0.7999999999999999,4.090404337883722,1.0,0.0,0.0,1.0,0.0,0.0,308.0,1.0,0.0,1.0,0.0
308,0.12857142857142861,0.4134242256253898,1.0,0.0,0.0,0.0,1.0,0.0,309.0,0.0,1.0,1.0,0.0
309,0.12857142857142861,1.8395727946781235,1.0,0.0,0.0,1.0,0.0,0.0,310.0,1.0,0.0,0.0,0.0
310,-0.29999999999999993,2.9755431016561564,1.0,0.0,0.0,1.0,0.0,0.0,311.0,1.0,0.0,0.0,0.0
311,-0.7285714285714285,10.737336289931397,1.0,0.0,0.0,1.0,0.0,0.0,312.0,1.0,0.0,2.0,2.0
312,-0.15714285714285708,0.5000433095419583,0.0,0.0,1.0,0.0,1.0,0.0,313.0,0.0,0.0,1.0,1.0
313,-0.014285714285714235,-0.2840412999792114,0.0,0.0,1.0,0.0,0.0,1.0,314.0,0.0,1.0,0.0,0.0
314,1.0571428571428572,0.5108706950315294,0.0,0.0,1.0,0.0,1.0,0.0,315.0,0.0,1.0,1.0,1.0
315,-0.15714285714285708,-0.2858429769246761,0.0,0.0,1.0,0.0,0.0,1.0,316.0,1.0,0.0,0.0,0.0
316,-0.29999999999999993,0.5000433095419583,0.0,0.0,1.0,0.0,1.0,0.0,317.0,1.0,0.0,1.0,0.0
317,1.842857142857143,-0.01967119395745271,0.0,0.0,1.0,0.0,1.0,0.0,318.0,0.0,1.0,0.0,0.0
318,0.20000000000000004,6.51429647980043,0.0,0.0,1.0,1.0,0.0,0.0,319.0,1.0,0.0,0.0,2.0
319,0.8428571428571429,5.199128612015799,1.0,0.0,0.0,1.0,0.0,0.0,320.0,1.0,0.0,1.0,1.0
320,-0.4428571428571428,-0.3120106021758714,0.0,0.0,1.0,0.0,0.0,1.0,321.0,0.0,1.0,0.0,0.0
321,-0.08571428571428566,-0.2840412999792114,0.0,0.0,1.0,0.0,0.0,1.0,322.0,0.0,1.0,0.0,0.0
322,0.12857142857142861,-0.09113193818862174,0.0,1.0,0.0,0.0,1.0,0.0,323.0,1.0,0.0,0.0,0.0
323,-0.4428571428571428,0.629971935416811,0.0,0.0,1.0,0.0,1.0,0.0,324.0,1.0,0.0,1.0,1.0
324,0.17142857142857157,2.3861738618252373,0.0,0.0,1.0,0.0,0.0,1.0,325.0,0.0,1.0,8.0,2.0
325,0.5571428571428572,5.248211315917122,1.0,0.0,0.0,1.0,0.0,0.0,326.0,1.0,0.0,0.0,0.0
326,2.3428571428571425,-0.35586151340863414,0.0,0.0,1.0,0.0,0.0,1.0,327.0,0.0,1.0,0.0,0.0
327,0.5571428571428572,-0.06298073591573695,0.0,0.0,1.0,0.0,1.0,0.0,328.0,1.0,0.0,0.0,0.0
328,0.20000000000000004,0.26292356732035194,0.0,0.0,1.0,0.0,0.0,1.0,329.0,1.0,0.0,1.0,1.0
329,-0.8714285714285713,1.8850478137343218,1.0,0.0,0.0,1.0,0.0,0.0,330.0,1.0,0.0,0.0,1.0
330,0.0928571428571429,0.38094206915667655,0.0,1.0,0.0,0.0,0.0,1.0,331.0,1.0,0.0,2.0,0.0
331,1.2357142857142858,0.6083171644376689,0.0,0.0,1.0,1.0,0.0,0.0,332.0,0.0,1.0,0.0,0.0
332,0.7000000000000001,6.020385801399765,0.0,0.0,1.0,1.0,0.0,0.0,333.0,0.0,1.0,0.0,1.0
333,-0.8714285714285713,0.15356697387568427,0.0,0.0,1.0,0.0,0.0,1.0,334.0,0.0,1.0,2.0,0.0
334,0.6142857142857141,5.162315501351258,0.0,0.0,1.0,1.0,0.0,0.0,335.0,1.0,0.0,1.0,0.0
335,-0.11428571428571413,-0.2840412999792114,0.0,0.0,1.0,0.0,0.0,1.0,336.0,0.0,1.0,0.0,0.0
336,0.0571428571428572,2.2584107130482987,0.0,0.0,1.0,1.0,0.0,0.0,337.0,0.0,1.0,1.0,0.0
337,0.9142857142857144,5.199128612015799,1.0,0.0,0.0,1.0,0.0,0.0,338.0,1.0,0.0,0.0,0.0
338,1.2,-0.277362968609244,0.0,0.0,1.0,0.0,0.0,1.0,339.0,1.0,1.0,0.0,0.0
339,1.2,0.9114839581456586,0.0,0.0,1.0,1.0,0.0,0.0,340.0,0.0,1.0,0.0,0.0
340,-1.8714285714285714,0.5000433095419583,0.0,0.0,1.0,0.0,1.0,0.0,341.0,1.0,1.0,1.0,1.0
341,-0.29999999999999993,10.764404753655324,0.0,0.0,1.0,1.0,0.0,0.0,342.0,1.0,0.0,3.0,2.0
342,-0.014285714285714235,-0.06298073591573695,0.0,0.0,1.0,0.0,1.0,0.0,343.0,0.0,1.0,0.0,0.0
343,-0.2285714285714285,-0.06298073591573695,0.0,0.0,1.0,0.0,1.0,0.0,344.0,0.0,1.0,0.0,0.0
344,0.5571428571428572,-0.06298073591573695,0.0,0.0,1.0,0.0,1.0,0.0,345.0,0.0,1.0,0.0,0.0
345,-0.29999999999999993,-0.06298073591573695,0.0,0.0,1.0,0.0,1.0,0.0,346.0,1.0,0.0,0.0,0.0
346,0.8428571428571429,-0.06298073591573695,0.0,0.0,1.0,0.0,1.0,0.0,347.0,1.0,0.0,0.0,0.0
347,-0.06071428571428556,0.07127884415494427,0.0,0.0,1.0,0.0,0.0,1.0,348.0,1.0,0.0,1.0,0.0
348,-1.8,0.06261693576328738,0.0,0.0,1.0,0.0,0.0,1.0,349.0,1.0,1.0,1.0,1.0
349,0.9857142857142858,-0.2508358741597949,0.0,0.0,1.0,0.0,0.0,1.0,350.0,0.0,1.0,0.0,0.0
350,-0.3714285714285714,-0.22647425680826,0.0,0.0,1.0,0.0,0.0,1.0,351.0,0.0,1.0,0.0,0.0
351,0.8571428571428574,0.8898291871665165,0.0,0.0,1.0,1.0,0.0,0.0,352.0,0.0,1.0,0.0,0.0
352,-0.9428571428571428,-0.3129114406486037,1.0,0.0,0.0,0.0,0.0,1.0,353.0,0.0,1.0,1.0,1.0
353,-0.2285714285714285,0.14490506548402746,0.0,0.0,1.0,0.0,0.0,1.0,354.0,0.0,1.0,1.0,0.0
354,-0.17499999999999996,-0.31309334072482853,1.0,0.0,0.0,0.0,0.0,1.0,355.0,0.0,1.0,0.0,0.0
355,-0.014285714285714235,-0.21456413276973182,0.0,0.0,1.0,0.0,0.0,1.0,356.0,0.0,1.0,0.0,0.0
356,-0.4428571428571428,1.7560200263322014,0.0,0.0,1.0,1.0,0.0,0.0,357.0,1.0,0.0,0.0,1.0
357,0.7000000000000001,-0.06298073591573695,0.0,0.0,1.0,0.0,1.0,0.0,358.0,0.0,0.0,0.0,0.0
358,0.27857142857142875,-0.28476023837571895,0.0,1.0,0.0,0.0,0.0,1.0,359.0,1.0,0.0,0.0,0.0
359,0.27857142857142875,-0.28476023837571895,0.0,1.0,0.0,0.0,0.0,1.0,360.0,1.0,0.0,0.0,0.0
360,0.8428571428571429,0.5823314392626983,0.0,0.0,1.0,0.0,0.0,1.0,361.0,0.0,1.0,1.0,4.0
361,0.0571428571428572,0.5745703693437738,1.0,0.0,0.0,0.0,1.0,0.0,362.0,0.0,1.0,1.0,0.0
362,1.2,0.0,1.0,0.0,0.0,0.0,0.0,1.0,363.0,0.0,0.0,0.0,1.0
363,0.48571428571428577,-0.32067251056752827,0.0,0.0,1.0,0.0,0.0,1.0,364.0,0.0,1.0,0.0,0.0
364,-0.13571428571428562,0.04529311897997366,0.0,1.0,0.0,0.0,0.0,1.0,365.0,0.0,1.0,1.0,0.0
365,0.12857142857142861,-0.3120106021758714,0.0,0.0,1.0,0.0,0.0,1.0,366.0,0.0,1.0,0.0,0.0
366,2.2714285714285714,2.6330382509874575,1.0,0.0,0.0,1.0,0.0,0.0,367.0,1.0,0.0,1.0,0.0
367,-0.19642857142857142,-0.3129114406486037,1.0,0.0,0.0,0.0,0.0,1.0,368.0,1.0,0.0,0.0,0.0
368,0.10714285714285714,-0.29035583119672925,0.0,1.0,0.0,0.0,0.0,1.0,369.0,1.0,0.0,0.0,0.0
369,-0.29999999999999993,2.375346476335666,1.0,0.0,0.0,1.0,0.0,0.0,370.0,1.0,0.0,0.0,0.0
370,-0.2285714285714285,1.7751498510151755,1.0,0.0,0.0,1.0,0.0,0.0,371.0,1.0,1.0,1.0,0.0
371,-0.7285714285714285,-0.3446746587208094,0.0,0.0,1.0,0.0,0.0,1.0,372.0,0.0,1.0,1.0,0.0
372,-0.6571428571428571,-0.277362968609244,0.0,0.0,1.0,0.0,0.0,1.0,373.0,0.0,1.0,0.0,0.0
373,-0.4428571428571428,5.248211315917122,1.0,0.0,0.0,1.0,0.0,0.0,374.0,0.0,1.0,0.0,0.0
374,-1.8,0.2867438153974083,0.0,0.0,1.0,0.0,0.0,1.0,375.0,0.0,0.0,3.0,1.0
375,0.7214285714285713,2.9327749289723513,1.0,0.0,0.0,1.0,0.0,0.0,376.0,1.0,0.0,1.0,0.0
376,-0.4428571428571428,-0.3120106021758714,0.0,0.0,1.0,0.0,0.0,1.0,377.0,1.0,0.0,0.0,0.0
377,-0.08571428571428566,8.533963342803686,1.0,0.0,0.0,1.0,0.0,0.0,378.0,0.0,1.0,0.0,2.0
378,-0.5857142857142856,-0.4522252442658167,1.0,0.0,0.0,0.0,0.0,1.0,379.0,0.0,1.0,0.0,0.0
379,-0.6571428571428571,-0.2892730926477721,0.0,0.0,1.0,0.0,0.0,1.0,380.0,0.0,1.0,0.0,0.0
380,0.9857142857142858,9.227998752685192,1.0,0.0,0.0,1.0,0.0,0.0,381.0,1.0,0.0,0.0,0.0
381,-1.9428571428571428,0.055761035271290955,1.0,0.0,0.0,0.0,0.0,1.0,382.0,1.0,0.0,0.0,2.0
382,0.27142857142857146,-0.2827766613540295,0.0,0.0,1.0,0.0,0.0,1.0,383.0,0.0,1.0,0.0,0.0
383,0.48571428571428577,1.6260914004573488,0.0,0.0,1.0,1.0,0.0,0.0,384.0,1.0,0.0,1.0,0.0
384,-0.11428571428571413,-0.2840412999792114,0.0,0.0,1.0,0.0,0.0,1.0,385.0,0.0,1.0,0.0,0.0
385,-0.7285714285714285,2.55724655256046,0.0,0.0,1.0,0.0,1.0,0.0,386.0,0.0,1.0,0.0,0.0
386,-1.9428571428571428,1.405212736470099,0.0,0.0,1.0,0.0,0.0,1.0,387.0,0.0,1.0,5.0,2.0
387,0.5571428571428572,-0.06298073591573695,0.0,0.0,1.0,0.0,1.0,0.0,388.0,1.0,0.0,0.0,0.0
388,-0.1892857142857142,-0.29125666966946157,0.0,1.0,0.0,0.0,0.0,1.0,389.0,0.0,1.0,0.0,0.0
389,-0.7999999999999999,-0.1062902778740212,1.0,0.0,0.0,0.0,1.0,0.0,390.0,1.0,0.0,0.0,0.0
390,0.5571428571428572,4.571140253620677,0.0,0.0,1.0,1.0,0.0,0.0,391.0,1.0,1.0,1.0,2.0
391,-0.5142857142857142,-0.28837225417503987,0.0,0.0,1.0,0.0,0.0,1.0,392.0,1.0,1.0,0.0,0.0
392,-0.014285714285714235,-0.2827766613540295,0.0,0.0,1.0,0.0,0.0,1.0,393.0,0.0,1.0,2.0,0.0
393,-0.3714285714285714,4.279883583951216,1.0,0.0,0.0,1.0,0.0,0.0,394.0,1.0,0.0,1.0,0.0
394,-0.29999999999999993,0.09726456932991473,0.0,0.0,1.0,0.0,0.0,1.0,395.0,1.0,0.0,0.0,2.0
395,-0.4428571428571428,-0.28837225417503987,0.0,0.0,1.0,0.0,0.0,1.0,396.0,0.0,1.0,0.0,0.0
396,0.20000000000000004,-0.2858429769246761,0.0,0.0,1.0,0.0,0.0,1.0,397.0,0.0,0.0,0.0,0.0
397,1.2714285714285716,0.5000433095419583,0.0,0.0,1.0,0.0,1.0,0.0,398.0,0.0,1.0,0.0,0.0
398,-0.3714285714285714,-0.1712545908114476,0.0,0.0,1.0,0.0,1.0,0.0,399.0,0.0,1.0,0.0,0.0
399,-0.014285714285714235,-0.07813907560113643,0.0,0.0,1.0,0.0,1.0,0.0,400.0,1.0,0.0,0.0,0.0
400,0.7714285714285715,-0.2827766613540295,0.0,0.0,1.0,0.0,0.0,1.0,401.0,1.0,1.0,0.0,0.0
401,-0.15714285714285708,-0.277362968609244,0.0,0.0,1.0,0.0,0.0,1.0,402.0,0.0,1.0,0.0,0.0
402,-0.5142857142857142,-0.20048853163328947,0.0,0.0,1.0,0.0,0.0,1.0,403.0,0.0,0.0,1.0,0.0
403,-0.014285714285714235,0.06045145866537313,0.0,0.0,1.0,0.0,0.0,1.0,404.0,0.0,1.0,1.0,0.0
404,-0.5857142857142856,-0.2508358741597949,0.0,0.0,1.0,0.0,0.0,1.0,405.0,0.0,0.0,0.0,0.0
405,0.4142857142857143,0.283495599750537,0.0,0.0,1.0,0.0,1.0,0.0,406.0,0.0,1.0,1.0,0.0
406,1.6285714285714286,-0.29035583119672925,0.0,0.0,1.0,0.0,0.0,1.0,407.0,0.0,1.0,0.0,0.0
407,-1.8,0.18604913034439746,0.0,0.0,1.0,0.0,1.0,0.0,408.0,1.0,1.0,1.0,1.0
408,-0.5142857142857142,-0.2892730926477721,0.0,0.0,1.0,0.0,0.0,1.0,409.0,0.0,1.0,0.0,0.0
409,0.14285714285714285,0.4769463308156052,0.0,0.0,1.0,0.0,0.0,1.0,410.0,0.0,0.0,3.0,1.0
410,-0.11428571428571413,-0.2840412999792114,0.0,0.0,1.0,0.0,0.0,1.0,411.0,0.0,1.0,0.0,0.0
411,-0.10714285714285714,-0.32897494976093133,0.0,1.0,0.0,0.0,0.0,1.0,412.0,0.0,1.0,0.0,0.0
412,0.3428571428571429,3.27185399487215,0.0,1.0,0.0,1.0,0.0,0.0,413.0,1.0,0.0,1.0,0.0
413,0.5571428571428572,-0.6260047813734322,0.0,0.0,1.0,0.0,1.0,0.0,414.0,0.0,1.0,0.0,0.0
414,1.1285714285714286,-0.2827766613540295,0.0,0.0,1.0,0.0,0.0,1.0,415.0,1.0,1.0,0.0,0.0
415,0.0,-0.277362968609244,0.0,0.0,1.0,0.0,0.0,1.0,416.0,0.0,0.0,0.0,0.0
416,0.4142857142857143,0.7815553322708059,0.0,0.0,1.0,0.0,1.0,0.0,417.0,1.0,0.0,1.0,1.0
417,-0.7285714285714285,-0.06298073591573695,0.0,0.0,1.0,0.0,1.0,0.0,418.0,1.0,0.0,0.0,2.0
418,0.12857142857142861,-0.06298073591573695,0.0,0.0,1.0,0.0,1.0,0.0,419.0,0.0,1.0,0.0,0.0
419,-1.3,0.41992065691913233,0.0,0.0,1.0,0.0,0.0,1.0,420.0,0.0,0.0,0.0,2.0
420,-0.11428571428571413,-0.2840412999792114,1.0,0.0,0.0,0.0,0.0,1.0,421.0,0.0,1.0,0.0,0.0
421,-0.5142857142857142,-0.29107910054743263,0.0,1.0,0.0,0.0,0.0,1.0,422.0,0.0,1.0,0.0,0.0
422,0.0571428571428572,-0.2849421384519437,0.0,0.0,1.0,0.0,0.0,1.0,423.0,0.0,1.0,0.0,0.0
423,-0.014285714285714235,-0.002347377174138998,0.0,0.0,1.0,0.0,0.0,1.0,424.0,0.0,0.0,1.0,1.0
424,-0.7285714285714285,0.24938933545838812,0.0,0.0,1.0,0.0,0.0,1.0,425.0,0.0,1.0,1.0,1.0
425,0.06071428571428582,-0.3120106021758714,0.0,0.0,1.0,0.0,0.0,1.0,426.0,0.0,1.0,0.0,0.0
426,-0.014285714285714235,0.5000433095419583,0.0,0.0,1.0,0.0,1.0,0.0,427.0,1.0,0.0,1.0,0.0
427,-0.6571428571428571,0.5000433095419583,0.0,0.0,1.0,0.0,1.0,0.0,428.0,1.0,0.0,0.0,0.0
428,0.10714285714285714,-0.29035583119672925,0.0,1.0,0.0,0.0,0.0,1.0,429.0,0.0,1.0,0.0,0.0
429,0.27142857142857146,-0.277362968609244,0.0,0.0,1.0,0.0,0.0,1.0,430.0,1.0,1.0,0.0,0.0
430,-0.014285714285714235,0.5238635576190146,0.0,0.0,1.0,1.0,0.0,0.0,431.0,1.0,1.0,0.0,0.0
431,-0.06071428571428556,0.07127884415494427,0.0,0.0,1.0,0.0,0.0,1.0,432.0,1.0,0.0,1.0,0.0
432,0.9857142857142858,0.5000433095419583,0.0,0.0,1.0,0.0,1.0,0.0,433.0,1.0,0.0,1.0,0.0
433,-0.7999999999999999,-0.31742429492065694,0.0,0.0,1.0,0.0,0.0,1.0,434.0,0.0,1.0,0.0,0.0
434,1.5571428571428572,1.7949986140946572,0.0,0.0,1.0,1.0,0.0,0.0,435.0,0.0,1.0,1.0,0.0
435,-1.0142857142857142,4.571140253620677,0.0,0.0,1.0,1.0,0.0,0.0,436.0,1.0,0.0,1.0,2.0
436,-0.5142857142857142,0.8627607234425888,0.0,0.0,1.0,0.0,0.0,1.0,437.0,0.0,0.0,2.0,2.0
437,-0.29999999999999993,0.18604913034439746,0.0,0.0,1.0,0.0,1.0,0.0,438.0,1.0,0.0,2.0,3.0
438,2.557142857142857,10.764404753655324,0.0,0.0,1.0,1.0,0.0,0.0,439.0,0.0,1.0,1.0,4.0
439,0.20000000000000004,-0.1712545908114476,0.0,0.0,1.0,0.0,1.0,0.0,440.0,0.0,1.0,0.0,0.0
440,1.2,0.5108706950315294,0.0,0.0,1.0,0.0,1.0,0.0,441.0,1.0,0.0,1.0,1.0
441,-0.5857142857142856,-0.21456413276973182,0.0,0.0,1.0,0.0,0.0,1.0,442.0,0.0,1.0,0.0,0.0
442,-0.2285714285714285,-0.2892730926477721,0.0,0.0,1.0,0.0,0.0,1.0,443.0,0.0,1.0,1.0,0.0
443,-0.014285714285714235,-0.06298073591573695,0.0,0.0,1.0,0.0,1.0,0.0,444.0,1.0,0.0,0.0,0.0
444,-0.06785714285714281,-0.2746561222368512,0.0,0.0,1.0,0.0,0.0,1.0,445.0,1.0,1.0,0.0,0.0
445,-1.7285714285714284,2.919240697110387,0.0,0.0,1.0,1.0,0.0,0.0,446.0,1.0,1.0,0.0,2.0
446,-1.0857142857142856,0.21853128681311065,0.0,0.0,1.0,0.0,1.0,0.0,447.0,1.0,0.0,0.0,1.0
447,0.4142857142857143,0.5238635576190146,0.0,0.0,1.0,1.0,0.0,0.0,448.0,1.0,1.0,0.0,0.0
448,-1.657142857142857,0.20806337052179327,1.0,0.0,0.0,0.0,0.0,1.0,449.0,1.0,0.0,2.0,1.0
449,1.7,0.6949362483542374,0.0,0.0,1.0,1.0,0.0,0.0,450.0,1.0,1.0,0.0,0.0
450,0.5571428571428572,0.5758350079689557,0.0,0.0,1.0,0.0,1.0,0.0,451.0,0.0,1.0,1.0,2.0
451,-0.31428571428571417,0.2387438500450419,0.0,0.0,1.0,0.0,0.0,1.0,452.0,0.0,1.0,1.0,0.0
452,0.12857142857142861,0.5758350079689557,1.0,0.0,0.0,1.0,0.0,0.0,453.0,0.0,1.0,0.0,0.0
453,1.4857142857142858,3.2330573071859194,1.0,0.0,0.0,1.0,0.0,0.0,454.0,1.0,1.0,1.0,0.0
454,0.0,-0.277362968609244,0.0,0.0,1.0,0.0,0.0,1.0,455.0,0.0,1.0,0.0,0.0
455,0.0571428571428572,-0.2840412999792114,1.0,0.0,0.0,0.0,0.0,1.0,456.0,1.0,1.0,0.0,0.0
456,2.6285714285714286,0.5238635576190146,0.0,0.0,1.0,1.0,0.0,0.0,457.0,0.0,1.0,0.0,0.0
457,1.1,1.6201363384380845,0.0,0.0,1.0,1.0,0.0,0.0,458.0,1.0,0.0,1.0,0.0
458,1.5571428571428572,-0.1712545908114476,0.0,0.0,1.0,0.0,1.0,0.0,459.0,1.0,0.0,0.0,0.0
459,0.10714285714285714,-0.29035583119672925,0.0,1.0,0.0,0.0,0.0,1.0,460.0,0.0,1.0,0.0,0.0
460,1.4142857142857144,0.5238635576190146,0.0,0.0,1.0,1.0,0.0,0.0,461.0,1.0,1.0,0.0,0.0
461,0.4142857142857143,-0.277362968609244,0.0,0.0,1.0,0.0,0.0,1.0,462.0,0.0,1.0,0.0,0.0
462,1.342857142857143,1.0414125840205113,0.0,0.0,1.0,1.0,0.0,0.0,463.0,0.0,1.0,0.0,0.0
463,1.4142857142857144,-0.06298073591573695,0.0,0.0,1.0,0.0,1.0,0.0,464.0,0.0,1.0,0.0,0.0
464,0.0,-0.277362968609244,0.0,0.0,1.0,0.0,0.0,1.0,465.0,0.0,1.0,0.0,0.0
465,0.7000000000000001,-0.32067251056752827,0.0,0.0,1.0,0.0,0.0,1.0,466.0,0.0,1.0,0.0,0.0
466,0.5571428571428572,-0.6260047813734322,0.0,0.0,1.0,0.0,1.0,0.0,467.0,0.0,1.0,0.0,0.0
467,1.9857142857142858,0.5238635576190146,0.0,0.0,1.0,1.0,0.0,0.0,468.0,0.0,1.0,0.0,0.0
468,0.6107142857142858,-0.2914385697456864,0.0,1.0,0.0,0.0,0.0,1.0,469.0,0.0,1.0,0.0,0.0
469,-1.9607142857142856,0.20806337052179327,1.0,0.0,0.0,0.0,0.0,1.0,470.0,1.0,0.0,2.0,1.0
470,0.06071428571428582,-0.3120106021758714,0.0,0.0,1.0,0.0,0.0,1.0,471.0,0.0,1.0,0.0,0.0
471,0.7000000000000001,-0.2508358741597949,0.0,0.0,1.0,0.0,0.0,1.0,472.0,0.0,1.0,0.0,0.0
472,0.3428571428571429,0.5758350079689557,0.0,0.0,1.0,0.0,1.0,0.0,473.0,1.0,0.0,1.0,2.0
473,-0.3714285714285714,-0.028692571547363297,1.0,0.0,0.0,0.0,1.0,0.0,474.0,1.0,0.0,0.0,0.0
474,-0.4428571428571428,-0.19994716235881088,0.0,0.0,1.0,0.0,0.0,1.0,475.0,0.0,0.0,0.0,0.0
475,1.1,1.6260914004573488,0.0,0.0,1.0,1.0,0.0,0.0,476.0,0.0,1.0,0.0,0.0
476,0.4142857142857143,0.283495599750537,0.0,0.0,1.0,0.0,1.0,0.0,477.0,0.0,1.0,1.0,0.0
477,0.0571428571428572,-0.32085441064375303,0.0,0.0,1.0,0.0,0.0,1.0,478.0,0.0,1.0,1.0,0.0
478,-0.4428571428571428,-0.300282378213568,0.0,0.0,1.0,0.0,0.0,1.0,479.0,0.0,1.0,0.0,0.0
479,-1.8714285714285714,-0.09383878456101451,0.0,0.0,1.0,0.0,0.0,1.0,480.0,1.0,0.0,0.0,1.0
480,-1.3714285714285714,1.405212736470099,0.0,0.0,1.0,0.0,0.0,1.0,481.0,0.0,1.0,5.0,2.0
481,0.5571428571428572,-0.6260047813734322,0.0,0.0,1.0,0.0,1.0,0.0,482.0,0.0,1.0,0.0,0.0
482,1.5571428571428572,-0.277362968609244,0.0,0.0,1.0,0.0,0.0,1.0,483.0,0.0,1.0,0.0,0.0
483,2.4857142857142853,-0.21077454784838193,0.0,0.0,1.0,0.0,0.0,1.0,484.0,1.0,0.0,0.0,0.0
484,-0.2285714285714285,3.3185936525535307,1.0,0.0,0.0,1.0,0.0,0.0,485.0,1.0,1.0,1.0,0.0
485,0.14285714285714285,0.4769463308156052,0.0,0.0,1.0,0.0,0.0,1.0,486.0,0.0,0.0,3.0,1.0
486,0.48571428571428577,3.27185399487215,0.0,0.0,1.0,1.0,0.0,0.0,487.0,1.0,0.0,1.0,0.0
487,2.1285714285714286,0.6602886147876099,1.0,0.0,0.0,1.0,0.0,0.0,488.0,0.0,1.0,0.0,0.0
488,0.12857142857142861,-0.277362968609244,0.0,0.0,1.0,0.0,0.0,1.0,489.0,0.0,1.0,0.0,0.0
489,-1.3714285714285714,0.06261693576328738,0.0,0.0,1.0,0.0,0.0,1.0,490.0,1.0,1.0,1.0,1.0
490,-0.31428571428571417,0.2387438500450419,0.0,0.0,1.0,0.0,0.0,1.0,491.0,0.0,1.0,1.0,0.0
491,-0.5142857142857142,-0.3120106021758714,0.0,0.0,1.0,0.0,0.0,1.0,492.0,0.0,1.0,0.0,0.0
492,1.9142857142857144,0.6949362483542374,0.0,0.0,1.0,1.0,0.0,0.0,493.0,0.0,1.0,0.0,0.0
493,3.057142857142857,1.5179994456378627,1.0,0.0,0.0,1.0,0.0,0.0,494.0,0.0,1.0,0.0,0.0
494,-0.5142857142857142,-0.277362968609244,0.0,0.0,1.0,0.0,0.0,1.0,495.0,0.0,1.0,0.0,0.0
495,-0.42378571428571404,0.00017756912202893625,1.0,0.0,0.0,0.0,0.0,1.0,496.0,0.0,1.0,0.0,0.0
496,1.842857142857143,2.7636901462130137,1.0,0.0,0.0,1.0,0.0,0.0,497.0,1.0,0.0,1.0,0.0
497,-0.15949999999999978,0.027969302196659943,0.0,0.0,1.0,0.0,0.0,1.0,498.0,0.0,1.0,0.0,0.0
498,-0.2285714285714285,5.937556302404546,0.0,0.0,1.0,1.0,0.0,0.0,499.0,0.0,0.0,1.0,2.0
499,-0.29999999999999993,-0.28837225417503987,0.0,0.0,1.0,0.0,0.0,1.0,500.0,0.0,1.0,0.0,0.0
500,-0.7999999999999999,-0.2508358741597949,0.0,0.0,1.0,0.0,0.0,1.0,501.0,0.0,1.0,0.0,0.0
501,-0.5142857142857142,-0.29035583119672925,0.0,1.0,0.0,0.0,0.0,1.0,502.0,0.0,0.0,0.0,0.0
502,-0.18571428571428555,-0.29558762386529,0.0,1.0,0.0,0.0,0.0,1.0,503.0,0.0,0.0,0.0,0.0
503,0.6285714285714287,-0.21077454784838193,0.0,0.0,1.0,0.0,0.0,1.0,504.0,0.0,0.0,0.0,0.0
504,-0.8714285714285713,3.120270598018155,0.0,0.0,1.0,1.0,0.0,0.0,505.0,1.0,0.0,0.0,0.0
505,-0.7285714285714285,4.090404337883722,1.0,0.0,0.0,1.0,0.0,0.0,506.0,0.0,1.0,1.0,0.0
506,0.3428571428571429,0.5000433095419583,0.0,0.0,1.0,0.0,1.0,0.0,507.0,1.0,0.0,0.0,2.0
507,1.535714285714286,0.5238635576190146,0.0,0.0,1.0,1.0,0.0,0.0,508.0,1.0,1.0,0.0,0.0
508,-0.014285714285714235,0.34954265123692047,0.0,0.0,1.0,0.0,0.0,1.0,509.0,0.0,1.0,0.0,0.0
509,-0.15714285714285708,1.8208024391934032,0.0,0.0,1.0,0.0,0.0,1.0,510.0,1.0,1.0,0.0,0.0
510,0.0571428571428572,-0.29035583119672925,0.0,1.0,0.0,0.0,0.0,1.0,511.0,1.0,1.0,0.0,0.0
511,0.0,-0.277362968609244,0.0,0.0,1.0,0.0,0.0,1.0,512.0,0.0,1.0,0.0,0.0
512,0.5571428571428572,0.5124948028549651,0.0,0.0,1.0,1.0,0.0,0.0,513.0,1.0,1.0,0.0,0.0
513,1.842857142857143,1.946582010948652,1.0,0.0,0.0,1.0,0.0,0.0,514.0,1.0,0.0,1.0,0.0
514,-0.29999999999999993,-0.30136511676252514,0.0,0.0,1.0,0.0,0.0,1.0,515.0,0.0,1.0,0.0,0.0
515,1.342857142857143,0.8474204836809646,0.0,0.0,1.0,1.0,0.0,0.0,516.0,0.0,1.0,0.0,0.0
516,0.4142857142857143,-0.1712545908114476,0.0,0.0,1.0,0.0,1.0,0.0,517.0,1.0,0.0,0.0,0.0
517,-0.06428571428571418,0.41992065691913233,0.0,1.0,0.0,0.0,0.0,1.0,518.0,0.0,1.0,0.0,0.0
518,0.5571428571428572,0.5000433095419583,0.0,0.0,1.0,0.0,1.0,0.0,519.0,1.0,0.0,1.0,0.0
519,0.27142857142857146,-0.2840412999792114,0.0,0.0,1.0,0.0,0.0,1.0,520.0,0.0,1.0,0.0,0.0
520,0.12857142857142861,3.423437391726145,0.0,0.0,1.0,1.0,0.0,0.0,521.0,1.0,0.0,0.0,0.0
521,-0.4428571428571428,-0.2840412999792114,0.0,0.0,1.0,0.0,0.0,1.0,522.0,0.0,1.0,0.0,0.0
522,-0.17499999999999996,-0.31309334072482853,1.0,0.0,0.0,0.0,0.0,1.0,523.0,0.0,1.0,0.0,0.0
523,1.1285714285714286,1.8850478137343218,1.0,0.0,0.0,1.0,0.0,0.0,524.0,1.0,0.0,0.0,1.0
524,-0.19642857142857142,-0.3129114406486037,1.0,0.0,0.0,0.0,0.0,1.0,525.0,0.0,1.0,0.0,0.0
525,0.8785714285714287,-0.29035583119672925,0.0,1.0,0.0,0.0,0.0,1.0,526.0,0.0,1.0,0.0,0.0
526,1.5571428571428572,-0.1712545908114476,0.0,0.0,1.0,0.0,1.0,0.0,527.0,1.0,0.0,0.0,0.0
527,0.15714285714285708,8.97915078650128,0.0,0.0,1.0,1.0,0.0,0.0,528.0,0.0,1.0,0.0,0.0
528,0.7714285714285715,-0.2827766613540295,0.0,0.0,1.0,0.0,0.0,1.0,529.0,0.0,1.0,0.0,0.0
529,-0.3714285714285714,-0.12794504885316332,0.0,0.0,1.0,0.0,1.0,0.0,530.0,0.0,1.0,2.0,1.0
530,-1.8714285714285714,0.5000433095419583,0.0,0.0,1.0,0.0,1.0,0.0,531.0,1.0,0.0,1.0,1.0
531,-0.19642857142857142,-0.3129114406486037,1.0,0.0,0.0,0.0,0.0,1.0,532.0,0.0,1.0,0.0,0.0
532,-0.7999999999999999,-0.3129114406486037,1.0,0.0,0.0,0.0,0.0,1.0,533.0,0.0,1.0,1.0,1.0
533,-0.7000000000000001,0.34232295059247453,1.0,0.0,0.0,0.0,0.0,1.0,534.0,1.0,0.0,0.0,2.0
534,0.12857142857142861,-0.2508358741597949,0.0,0.0,1.0,0.0,0.0,1.0,535.0,0.0,0.0,0.0,0.0
535,-1.5142857142857142,0.5108706950315294,0.0,0.0,1.0,0.0,1.0,0.0,536.0,1.0,0.0,0.0,2.0
536,1.2,0.5238635576190146,0.0,0.0,1.0,1.0,0.0,0.0,537.0,0.0,1.0,0.0,0.0
537,0.12857142857142861,3.983213221536969,1.0,0.0,0.0,1.0,0.0,0.0,538.0,1.0,0.0,0.0,0.0
538,-0.34164285714285697,0.001983577021689412,0.0,0.0,1.0,0.0,0.0,1.0,539.0,0.0,1.0,0.0,0.0
539,-0.4428571428571428,1.517817545561638,1.0,0.0,0.0,1.0,0.0,0.0,540.0,1.0,0.0,0.0,2.0
540,0.5571428571428572,2.4489726976647495,0.0,0.0,1.0,1.0,0.0,0.0,541.0,1.0,0.0,0.0,2.0
541,-1.3714285714285714,0.7285011433719076,0.0,0.0,1.0,0.0,0.0,1.0,542.0,0.0,0.0,4.0,2.0
542,-1.2285714285714284,0.7285011433719076,0.0,0.0,1.0,0.0,0.0,1.0,543.0,0.0,0.0,4.0,2.0
543,0.27142857142857146,0.5000433095419583,0.0,0.0,1.0,0.0,1.0,0.0,544.0,1.0,1.0,1.0,0.0
544,1.5571428571428572,3.983213221536969,1.0,0.0,0.0,1.0,0.0,0.0,545.0,0.0,1.0,1.0,0.0
545,2.557142857142857,0.5000433095419583,0.0,0.0,1.0,1.0,0.0,0.0,546.0,0.0,1.0,0.0,0.0
546,-0.6571428571428571,0.5000433095419583,0.0,0.0,1.0,0.0,1.0,0.0,547.0,1.0,0.0,1.0,0.0
547,0.5642857142857144,-0.025626255976716767,1.0,0.0,0.0,0.0,1.0,0.0,548.0,1.0,1.0,0.0,0.0
548,0.3428571428571429,0.26292356732035194,0.0,0.0,1.0,0.0,0.0,1.0,549.0,0.0,1.0,1.0,1.0
549,-1.4428571428571428,0.9656208855935139,0.0,0.0,1.0,0.0,1.0,0.0,550.0,1.0,1.0,1.0,1.0
550,-0.7999999999999999,4.1763001524495875,1.0,0.0,0.0,1.0,0.0,0.0,551.0,1.0,1.0,0.0,2.0
551,-0.08571428571428566,0.5000433095419583,0.0,0.0,1.0,0.0,1.0,0.0,552.0,0.0,1.0,0.0,0.0
552,-0.22142857142857128,-0.28692571547363316,0.0,1.0,0.0,0.0,0.0,1.0,553.0,0.0,1.0,0.0,0.0
553,-0.4428571428571428,-0.31309334072482853,1.0,0.0,0.0,0.0,0.0,1.0,554.0,1.0,1.0,0.0,0.0
554,-0.4428571428571428,-0.2892730926477721,0.0,0.0,1.0,0.0,0.0,1.0,555.0,1.0,0.0,0.0,0.0
555,2.414285714285714,0.5238635576190146,0.0,0.0,1.0,1.0,0.0,0.0,556.0,0.0,1.0,0.0,0.0
556,1.4142857142857144,1.089053080174624,1.0,0.0,0.0,1.0,0.0,0.0,557.0,1.0,0.0,1.0,0.0
557,0.15714285714285708,9.227998752685192,1.0,0.0,0.0,1.0,0.0,0.0,558.0,0.0,1.0,0.0,0.0
558,0.7714285714285715,2.8236002356039083,0.0,0.0,1.0,1.0,0.0,0.0,559.0,1.0,0.0,1.0,1.0
559,0.5571428571428572,0.12758124870071366,0.0,0.0,1.0,0.0,0.0,1.0,560.0,1.0,0.0,1.0,0.0
560,0.10714285714285714,-0.29035583119672925,0.0,1.0,0.0,0.0,0.0,1.0,561.0,0.0,1.0,0.0,0.0
561,0.8428571428571429,-0.2840412999792114,0.0,0.0,1.0,0.0,0.0,1.0,562.0,0.0,1.0,0.0,0.0
562,-0.014285714285714235,-0.041325964936594836,0.0,0.0,1.0,0.0,1.0,0.0,563.0,0.0,1.0,0.0,0.0
563,0.0,-0.277362968609244,0.0,0.0,1.0,0.0,0.0,1.0,564.0,0.0,1.0,0.0,0.0
564,0.0,-0.277362968609244,0.0,0.0,1.0,0.0,0.0,1.0,565.0,0.0,0.0,0.0,0.0
565,-0.29999999999999993,0.41992065691913233,0.0,0.0,1.0,0.0,0.0,1.0,566.0,0.0,1.0,2.0,0.0
566,-0.6571428571428571,-0.2840412999792114,0.0,0.0,1.0,0.0,0.0,1.0,567.0,0.0,1.0,0.0,0.0
567,0.0571428571428572,0.2867438153974083,0.0,0.0,1.0,0.0,0.0,1.0,568.0,0.0,0.0,0.0,4.0
568,-0.19642857142857142,-0.3129114406486037,1.0,0.0,0.0,0.0,0.0,1.0,569.0,0.0,1.0,0.0,0.0
569,0.27142857142857146,-0.2858429769246761,0.0,0.0,1.0,0.0,0.0,1.0,570.0,1.0,1.0,0.0,0.0
570,2.414285714285714,-0.1712545908114476,0.0,0.0,1.0,0.0,1.0,0.0,571.0,1.0,1.0,0.0,0.0
571,1.7714285714285716,1.6035357910054742,0.0,0.0,1.0,1.0,0.0,0.0,572.0,1.0,0.0,2.0,0.0
572,0.5571428571428572,0.5168257570507934,0.0,0.0,1.0,1.0,0.0,0.0,573.0,1.0,1.0,0.0,0.0
573,0.10714285714285714,-0.29035583119672925,0.0,1.0,0.0,0.0,0.0,1.0,574.0,1.0,0.0,0.0,0.0
574,-0.8714285714285713,-0.277362968609244,0.0,0.0,1.0,0.0,0.0,1.0,575.0,0.0,1.0,0.0,0.0
575,-0.6571428571428571,0.001983577021689412,0.0,0.0,1.0,0.0,0.0,1.0,576.0,0.0,1.0,0.0,0.0
576,0.4142857142857143,-0.06298073591573695,0.0,0.0,1.0,0.0,1.0,0.0,577.0,1.0,0.0,0.0,0.0
577,0.7714285714285715,1.7949986140946572,0.0,0.0,1.0,1.0,0.0,0.0,578.0,1.0,0.0,1.0,0.0
578,-0.42378571428571404,0.00017756912202893625,1.0,0.0,0.0,0.0,0.0,1.0,579.0,0.0,0.0,1.0,0.0
579,0.27142857142857146,-0.2827766613540295,0.0,0.0,1.0,0.0,0.0,1.0,580.0,1.0,1.0,0.0,0.0
580,-0.2285714285714285,0.6732814773750952,0.0,0.0,1.0,0.0,1.0,0.0,581.0,1.0,0.0,1.0,1.0
581,0.7714285714285715,4.1763001524495875,1.0,0.0,0.0,1.0,0.0,0.0,582.0,1.0,0.0,1.0,1.0
582,1.842857142857143,0.5000433095419583,0.0,0.0,1.0,0.0,1.0,0.0,583.0,0.0,1.0,0.0,0.0
583,0.5571428571428572,1.1117905897027232,1.0,0.0,0.0,1.0,0.0,0.0,584.0,0.0,1.0,0.0,0.0
584,-0.39999999999999986,-0.24867039706188065,1.0,0.0,0.0,0.0,0.0,1.0,585.0,0.0,1.0,0.0,0.0
585,-0.7285714285714285,2.8236002356039083,0.0,0.0,1.0,1.0,0.0,0.0,586.0,1.0,0.0,0.0,2.0
586,1.342857142857143,0.023638348000831536,0.0,0.0,1.0,0.0,1.0,0.0,587.0,0.0,1.0,0.0,0.0
587,2.2714285714285714,2.8041109417226804,1.0,0.0,0.0,1.0,0.0,0.0,588.0,1.0,1.0,1.0,1.0
588,-0.4428571428571428,-0.277362968609244,0.0,0.0,1.0,0.0,0.0,1.0,589.0,0.0,1.0,0.0,0.0
589,0.0,-0.277362968609244,0.0,0.0,1.0,0.0,0.0,1.0,590.0,0.0,1.0,0.0,0.0
590,0.48571428571428577,-0.31742429492065694,0.0,0.0,1.0,0.0,0.0,1.0,591.0,0.0,1.0,0.0,0.0
591,1.7,2.7636901462130137,1.0,0.0,0.0,1.0,0.0,0.0,592.0,1.0,0.0,1.0,0.0
592,1.342857142857143,-0.3120106021758714,0.0,0.0,1.0,0.0,0.0,1.0,593.0,0.0,1.0,0.0,0.0
593,0.10714285714285714,-0.29035583119672925,0.0,1.0,0.0,0.0,0.0,1.0,594.0,0.0,0.0,0.0,2.0
594,0.6285714285714287,0.5000433095419583,0.0,0.0,1.0,0.0,1.0,0.0,595.0,0.0,1.0,1.0,0.0
595,0.5571428571428572,0.41992065691913233,0.0,0.0,1.0,0.0,0.0,1.0,596.0,0.0,1.0,1.0,1.0
596,0.35000000000000014,0.803210103249948,0.0,0.0,1.0,0.0,1.0,0.0,597.0,1.0,0.0,0.0,0.0
597,1.4857142857142858,-0.6260047813734322,0.0,0.0,1.0,0.0,0.0,1.0,598.0,0.0,1.0,0.0,0.0
598,-0.17499999999999996,-0.31309334072482853,1.0,0.0,0.0,0.0,0.0,1.0,599.0,0.0,1.0,0.0,0.0
599,1.4857142857142858,1.8395727946781235,1.0,0.0,0.0,1.0,0.0,0.0,600.0,1.0,1.0,1.0,0.0
600,-0.29999999999999993,0.5433528515002425,0.0,0.0,1.0,0.0,1.0,0.0,601.0,1.0,0.0,2.0,1.0
601,-0.11428571428571413,-0.2840412999792114,0.0,0.0,1.0,0.0,0.0,1.0,602.0,0.0,1.0,0.0,0.0
602,-0.8214285714285714,1.21031979765782,0.0,0.0,1.0,1.0,0.0,0.0,603.0,0.0,1.0,0.0,0.0
603,1.1285714285714286,-0.277362968609244,0.0,0.0,1.0,0.0,0.0,1.0,604.0,0.0,1.0,0.0,0.0
604,0.48571428571428577,0.5238635576190146,1.0,0.0,0.0,1.0,0.0,0.0,605.0,1.0,1.0,0.0,0.0
605,0.5571428571428572,0.0474585960778879,0.0,0.0,1.0,0.0,0.0,1.0,606.0,0.0,1.0,1.0,0.0
606,0.12857142857142861,-0.2840412999792114,0.0,0.0,1.0,0.0,0.0,1.0,607.0,0.0,1.0,0.0,0.0
607,-0.08571428571428566,0.6949362483542374,0.0,0.0,1.0,1.0,0.0,0.0,608.0,1.0,1.0,0.0,0.0
608,-0.4428571428571428,1.1747713256184602,1.0,0.0,0.0,0.0,1.0,0.0,609.0,1.0,0.0,1.0,2.0
609,0.8428571428571429,6.020385801399765,0.0,0.0,1.0,1.0,0.0,0.0,610.0,1.0,0.0,0.0,0.0
610,0.7714285714285715,0.7285011433719076,0.0,0.0,1.0,0.0,0.0,1.0,611.0,0.0,0.0,1.0,5.0
611,0.16428571428571434,-0.32067251056752827,0.0,0.0,1.0,0.0,0.0,1.0,612.0,0.0,1.0,0.0,0.0
612,-0.13571428571428562,0.04529311897997366,0.0,1.0,0.0,0.0,0.0,1.0,613.0,1.0,0.0,1.0,0.0
613,0.10714285714285714,-0.29035583119672925,0.0,1.0,0.0,0.0,0.0,1.0,614.0,0.0,1.0,0.0,0.0
614,0.48571428571428577,-0.277362968609244,0.0,0.0,1.0,0.0,0.0,1.0,615.0,0.0,1.0,0.0,0.0
615,-0.29999999999999993,2.1891154459150437,0.0,0.0,1.0,0.0,1.0,0.0,616.0,1.0,0.0,1.0,2.0
616,0.4142857142857143,-0.002347377174138998,0.0,0.0,1.0,0.0,0.0,1.0,617.0,0.0,1.0,1.0,1.0
617,-0.15714285714285708,0.07127884415494427,0.0,0.0,1.0,0.0,0.0,1.0,618.0,0.0,0.0,1.0,0.0
618,-1.7285714285714284,1.0630673549996534,0.0,0.0,1.0,0.0,1.0,0.0,619.0,1.0,0.0,2.0,1.0
619,-0.15714285714285708,-0.1712545908114476,0.0,0.0,1.0,0.0,1.0,0.0,620.0,0.0,1.0,0.0,0.0
620,-0.08571428571428566,0.0,1.0,0.0,0.0,0.0,0.0,1.0,621.0,0.0,1.0,1.0,0.0
621,0.9857142857142858,1.6500935486106298,0.0,0.0,1.0,1.0,0.0,0.0,622.0,1.0,1.0,1.0,0.0
622,-0.5857142857142856,0.055761035271290955,1.0,0.0,0.0,0.0,0.0,1.0,623.0,1.0,1.0,1.0,1.0
623,-0.5142857142857142,-0.2858429769246761,0.0,0.0,1.0,0.0,0.0,1.0,624.0,0.0,1.0,0.0,0.0
624,-0.5142857142857142,0.07127884415494427,0.0,0.0,1.0,0.0,0.0,1.0,625.0,0.0,1.0,0.0,0.0
625,2.3428571428571425,0.7737942623518813,0.0,0.0,1.0,1.0,0.0,0.0,626.0,0.0,1.0,0.0,0.0
626,2.0571428571428574,-0.09113193818862174,0.0,1.0,0.0,0.0,1.0,0.0,627.0,0.0,1.0,0.0,0.0
627,-0.5142857142857142,2.7503334834730784,0.0,0.0,1.0,1.0,0.0,0.0,628.0,1.0,0.0,0.0,0.0
628,-0.15714285714285708,-0.2840412999792114,0.0,0.0,1.0,0.0,0.0,1.0,629.0,0.0,1.0,0.0,0.0
629,-0.07500000000000005,-0.29107910054743263,0.0,1.0,0.0,0.0,0.0,1.0,630.0,0.0,1.0,0.0,0.0
630,3.6999999999999997,0.6732814773750952,0.0,0.0,1.0,1.0,0.0,0.0,631.0,1.0,1.0,0.0,0.0
631,1.6285714285714286,-0.32049061049130345,0.0,0.0,1.0,0.0,0.0,1.0,632.0,0.0,1.0,0.0,0.0
632,0.27142857142857146,0.6949362483542374,1.0,0.0,0.0,1.0,0.0,0.0,633.0,1.0,1.0,0.0,0.0
633,0.5571428571428572,-0.6260047813734322,0.0,0.0,1.0,1.0,0.0,0.0,634.0,0.0,1.0,0.0,0.0
634,-1.3714285714285714,0.5823314392626983,0.0,0.0,1.0,0.0,0.0,1.0,635.0,0.0,0.0,3.0,2.0
635,-0.014285714285714235,-0.06298073591573695,0.0,0.0,1.0,0.0,1.0,0.0,636.0,1.0,0.0,0.0,0.0
636,0.27142857142857146,-0.2827766613540295,0.0,0.0,1.0,0.0,0.0,1.0,637.0,0.0,1.0,0.0,0.0
637,0.20000000000000004,0.5108706950315294,0.0,0.0,1.0,0.0,1.0,0.0,638.0,0.0,1.0,1.0,1.0
638,0.9142857142857144,1.092842665095974,0.0,0.0,1.0,0.0,0.0,1.0,639.0,0.0,0.0,0.0,5.0
639,-0.06071428571428556,0.07127884415494427,0.0,0.0,1.0,0.0,0.0,1.0,640.0,0.0,1.0,1.0,0.0
640,-0.5857142857142856,-0.2858429769246761,0.0,0.0,1.0,0.0,0.0,1.0,641.0,0.0,1.0,0.0,0.0
641,-0.29999999999999993,2.375346476335666,1.0,0.0,0.0,1.0,0.0,0.0,642.0,1.0,0.0,0.0,0.0
642,-1.8714285714285714,0.5823314392626983,0.0,0.0,1.0,0.0,0.0,1.0,643.0,0.0,0.0,3.0,2.0
643,0.3714285714285714,1.8208024391934032,0.0,0.0,1.0,0.0,0.0,1.0,644.0,1.0,1.0,0.0,0.0
644,-1.9607142857142856,0.20806337052179327,1.0,0.0,0.0,0.0,0.0,1.0,645.0,1.0,0.0,2.0,1.0
645,1.4142857142857144,2.6971017254521517,1.0,0.0,0.0,1.0,0.0,0.0,646.0,1.0,1.0,1.0,0.0
646,-0.6571428571428571,-0.2840412999792114,0.0,0.0,1.0,0.0,0.0,1.0,647.0,0.0,1.0,0.0,0.0
647,1.9857142857142858,0.9114839581456586,1.0,0.0,0.0,1.0,0.0,0.0,648.0,1.0,1.0,0.0,0.0
648,-0.07142857142857142,-0.2990177395883861,0.0,0.0,1.0,0.0,0.0,1.0,649.0,0.0,1.0,0.0,0.0
649,-0.3714285714285714,-0.2990177395883861,0.0,0.0,1.0,0.0,0.0,1.0,650.0,1.0,0.0,0.0,0.0
650,-0.11428571428571413,-0.2840412999792114,0.0,0.0,1.0,0.0,0.0,1.0,651.0,0.0,1.0,0.0,0.0
651,-0.7285714285714285,0.37011468366710554,0.0,0.0,1.0,0.0,1.0,0.0,652.0,1.0,0.0,0.0,1.0
652,-0.5142857142857142,-0.2607624211766337,0.0,0.0,1.0,0.0,0.0,1.0,653.0,0.0,1.0,0.0,0.0
653,-0.22142857142857128,-0.28692571547363316,0.0,1.0,0.0,0.0,0.0,1.0,654.0,1.0,0.0,0.0,0.0
654,-0.7285714285714285,-0.3336653731550135,0.0,1.0,0.0,0.0,0.0,1.0,655.0,0.0,0.0,0.0,0.0
655,-0.29999999999999993,2.55724655256046,0.0,0.0,1.0,0.0,1.0,0.0,656.0,0.0,1.0,2.0,0.0
656,-0.11428571428571413,-0.2840412999792114,0.0,0.0,1.0,0.0,0.0,1.0,657.0,0.0,1.0,0.0,0.0
657,0.27142857142857146,0.04529311897997366,0.0,1.0,0.0,0.0,0.0,1.0,658.0,0.0,0.0,1.0,1.0
658,-0.3714285714285714,-0.06298073591573695,0.0,0.0,1.0,0.0,1.0,0.0,659.0,0.0,1.0,0.0,0.0
659,2.1285714285714286,4.279883583951216,1.0,0.0,0.0,1.0,0.0,0.0,660.0,0.0,1.0,0.0,2.0
660,1.5571428571428572,5.162315501351258,0.0,0.0,1.0,1.0,0.0,0.0,661.0,1.0,1.0,2.0,0.0
661,0.8428571428571429,-0.31309334072482853,1.0,0.0,0.0,0.0,0.0,1.0,662.0,0.0,1.0,0.0,0.0
662,1.342857142857143,0.48217812348416594,0.0,0.0,1.0,1.0,0.0,0.0,663.0,0.0,1.0,0.0,0.0
663,0.5571428571428572,-0.30136511676252514,0.0,0.0,1.0,0.0,0.0,1.0,664.0,0.0,1.0,0.0,0.0
664,-0.5857142857142856,-0.2827766613540295,0.0,0.0,1.0,0.0,0.0,1.0,665.0,1.0,1.0,1.0,0.0
665,0.27142857142857146,2.55724655256046,0.0,0.0,1.0,0.0,1.0,0.0,666.0,0.0,1.0,2.0,0.0
666,-0.2285714285714285,-0.06298073591573695,0.0,0.0,1.0,0.0,1.0,0.0,667.0,0.0,1.0,0.0,0.0
667,-0.35714285714285715,-0.2892730926477721,0.0,0.0,1.0,0.0,0.0,1.0,668.0,0.0,1.0,0.0,0.0
668,1.0571428571428572,-0.277362968609244,0.0,0.0,1.0,0.0,0.0,1.0,669.0,0.0,1.0,0.0,0.0
669,1.1,1.6260914004573488,0.0,0.0,1.0,1.0,0.0,0.0,670.0,1.0,0.0,1.0,0.0
670,0.8428571428571429,1.0630673549996534,0.0,0.0,1.0,0.0,1.0,0.0,671.0,1.0,0.0,1.0,1.0
671,0.20000000000000004,1.6260914004573488,0.0,0.0,1.0,1.0,0.0,0.0,672.0,0.0,1.0,1.0,0.0
672,2.9857142857142853,-0.1712545908114476,0.0,0.0,1.0,0.0,1.0,0.0,673.0,0.0,1.0,0.0,0.0
673,0.20000000000000004,-0.06298073591573695,0.0,0.0,1.0,0.0,1.0,0.0,674.0,1.0,1.0,0.0,0.0
674,0.5571428571428572,-0.6260047813734322,0.0,0.0,1.0,0.0,1.0,0.0,675.0,0.0,1.0,0.0,0.0
675,-0.7285714285714285,-0.2892730926477721,0.0,0.0,1.0,0.0,0.0,1.0,676.0,0.0,1.0,0.0,0.0
676,-0.26428571428571423,-0.277362968609244,0.0,0.0,1.0,0.0,0.0,1.0,677.0,0.0,1.0,0.0,0.0
677,-0.7285714285714285,-0.19976526228258612,0.0,0.0,1.0,0.0,0.0,1.0,678.0,1.0,0.0,0.0,0.0
678,1.0571428571428572,1.405212736470099,0.0,0.0,1.0,0.0,0.0,1.0,679.0,0.0,0.0,1.0,6.0
679,0.5571428571428572,21.56273820248077,1.0,0.0,0.0,1.0,0.0,0.0,680.0,1.0,1.0,0.0,1.0
680,0.5571428571428572,-0.27357338368789413,0.0,1.0,0.0,0.0,0.0,1.0,681.0,0.0,0.0,0.0,0.0
681,-0.08571428571428566,2.6971017254521517,1.0,0.0,0.0,1.0,0.0,0.0,682.0,1.0,1.0,0.0,0.0
682,-0.5857142857142856,-0.22647425680826,0.0,0.0,1.0,0.0,0.0,1.0,683.0,0.0,1.0,0.0,0.0
683,-1.0142857142857142,1.405212736470099,0.0,0.0,1.0,0.0,0.0,1.0,684.0,0.0,1.0,5.0,2.0
684,2.2714285714285714,1.0630673549996534,0.0,0.0,1.0,0.0,1.0,0.0,685.0,0.0,1.0,1.0,1.0
685,-0.2285714285714285,1.1747713256184602,1.0,0.0,0.0,0.0,1.0,0.0,686.0,0.0,1.0,1.0,2.0
686,-1.0142857142857142,1.092842665095974,0.0,0.0,1.0,0.0,0.0,1.0,687.0,0.0,1.0,4.0,1.0
687,-0.6571428571428571,-0.18551209202411476,0.0,0.0,1.0,0.0,0.0,1.0,688.0,0.0,1.0,0.0,0.0
688,-0.7285714285714285,-0.28837225417503987,0.0,0.0,1.0,0.0,0.0,1.0,689.0,0.0,1.0,0.0,0.0
689,-0.9428571428571428,8.526925542235466,0.0,0.0,1.0,1.0,0.0,0.0,690.0,1.0,0.0,0.0,1.0
690,0.20000000000000004,1.84263911024877,0.0,0.0,1.0,1.0,0.0,0.0,691.0,1.0,1.0,1.0,0.0
691,-1.7285714285714284,-0.04493364978171989,1.0,0.0,0.0,0.0,0.0,1.0,692.0,1.0,0.0,0.0,1.0
692,0.3714285714285714,1.8208024391934032,0.0,0.0,1.0,0.0,0.0,1.0,693.0,1.0,1.0,0.0,0.0
693,-0.2285714285714285,-0.31309334072482853,1.0,0.0,0.0,0.0,0.0,1.0,694.0,0.0,1.0,0.0,0.0
694,2.2714285714285714,0.5238635576190146,0.0,0.0,1.0,1.0,0.0,0.0,695.0,0.0,1.0,0.0,0.0
695,1.7,-0.041325964936594836,0.0,0.0,1.0,0.0,1.0,0.0,696.0,0.0,1.0,0.0,0.0
696,1.1285714285714286,-0.277362968609244,0.0,0.0,1.0,0.0,0.0,1.0,697.0,0.0,1.0,0.0,0.0
697,-0.07500000000000005,-0.29107910054743263,0.0,1.0,0.0,0.0,0.0,1.0,698.0,1.0,0.0,0.0,0.0
698,1.4857142857142858,4.1763001524495875,1.0,0.0,0.0,1.0,0.0,0.0,699.0,0.0,1.0,1.0,1.0
699,0.9857142857142858,-0.29468678539255766,0.0,0.0,1.0,0.0,0.0,1.0,700.0,0.0,1.0,0.0,0.0
700,-0.7285714285714285,9.227998752685192,1.0,0.0,0.0,1.0,0.0,0.0,701.0,1.0,0.0,1.0,0.0
701,0.48571428571428577,0.5124948028549651,0.0,0.0,1.0,1.0,0.0,0.0,702.0,1.0,1.0,0.0,0.0
702,-0.7285714285714285,0.0,1.0,0.0,0.0,0.0,0.0,1.0,703.0,0.0,0.0,0.0,1.0
703,-0.2285714285714285,-0.290715300394983,0.0,1.0,0.0,0.0,0.0,1.0,704.0,0.0,1.0,0.0,0.0
704,-0.15714285714285708,-0.2858429769246761,0.0,0.0,1.0,0.0,0.0,1.0,705.0,0.0,1.0,1.0,0.0
705,0.7714285714285715,0.5000433095419583,0.0,0.0,1.0,0.0,1.0,0.0,706.0,0.0,1.0,0.0,0.0
706,1.2,-0.041325964936594836,0.0,0.0,1.0,0.0,1.0,0.0,707.0,1.0,0.0,0.0,0.0
707,0.9857142857142858,0.5124948028549651,0.0,0.0,1.0,1.0,0.0,0.0,708.0,1.0,1.0,0.0,0.0
708,-0.4428571428571428,5.937556302404546,0.0,0.0,1.0,1.0,0.0,0.0,709.0,1.0,0.0,0.0,0.0
709,-0.03571428571428571,0.03428383341417777,1.0,0.0,0.0,0.0,0.0,1.0,710.0,1.0,1.0,1.0,1.0
710,-0.29999999999999993,1.5179994456378627,1.0,0.0,0.0,1.0,0.0,0.0,711.0,1.0,0.0,0.0,0.0
711,1.535714285714286,0.5238635576190146,0.0,0.0,1.0,1.0,0.0,0.0,712.0,0.0,1.0,0.0,0.0
712,1.4142857142857144,1.6260914004573488,0.0,0.0,1.0,1.0,0.0,0.0,713.0,1.0,1.0,1.0,0.0
713,0.0571428571428572,-0.21528740212043518,0.0,0.0,1.0,0.0,0.0,1.0,714.0,0.0,1.0,0.0,0.0
714,1.7,-0.06298073591573695,0.0,0.0,1.0,0.0,1.0,0.0,715.0,0.0,1.0,0.0,0.0
715,-0.6571428571428571,-0.29468678539255766,0.0,0.0,1.0,0.0,0.0,1.0,716.0,0.0,1.0,0.0,0.0
716,0.7000000000000001,9.227998752685192,1.0,0.0,0.0,1.0,0.0,0.0,717.0,1.0,0.0,0.0,0.0
717,-0.08571428571428566,-0.1712545908114476,0.0,0.0,1.0,0.0,1.0,0.0,718.0,1.0,0.0,0.0,0.0
718,-0.13571428571428562,0.04529311897997366,0.0,1.0,0.0,0.0,0.0,1.0,719.0,0.0,1.0,0.0,0.0
719,0.3428571428571429,-0.2892730926477721,0.0,0.0,1.0,0.0,0.0,1.0,720.0,0.0,1.0,0.0,0.0
720,-1.5857142857142856,0.803210103249948,0.0,0.0,1.0,0.0,1.0,0.0,721.0,1.0,0.0,0.0,1.0
721,-0.7999999999999999,-0.32049061049130345,0.0,0.0,1.0,0.0,0.0,1.0,722.0,0.0,1.0,1.0,0.0
722,0.4142857142857143,-0.06298073591573695,0.0,0.0,1.0,0.0,1.0,0.0,723.0,0.0,1.0,0.0,0.0
723,1.5571428571428572,-0.06298073591573695,0.0,0.0,1.0,0.0,1.0,0.0,724.0,0.0,1.0,0.0,0.0
724,-0.08571428571428566,1.6737318966114614,0.0,0.0,1.0,1.0,0.0,0.0,725.0,1.0,1.0,1.0,0.0
725,-0.5857142857142856,-0.2508358741597949,0.0,0.0,1.0,0.0,0.0,1.0,726.0,0.0,1.0,0.0,0.0
726,0.12857142857142861,0.283495599750537,0.0,0.0,1.0,0.0,1.0,0.0,727.0,1.0,0.0,3.0,0.0
727,-0.08214285714285705,-0.2908972004712078,0.0,1.0,0.0,0.0,0.0,1.0,728.0,1.0,0.0,0.0,0.0
728,-0.2285714285714285,0.5000433095419583,0.0,0.0,1.0,0.0,1.0,0.0,729.0,0.0,1.0,1.0,0.0
729,-0.2285714285714285,-0.2827766613540295,0.0,0.0,1.0,0.0,0.0,1.0,730.0,0.0,0.0,1.0,0.0
730,0.0571428571428572,8.526925542235466,0.0,0.0,1.0,1.0,0.0,0.0,731.0,1.0,0.0,0.0,0.0
731,-1.2285714285714284,0.18767323816783318,1.0,0.0,0.0,0.0,0.0,1.0,732.0,0.0,1.0,0.0,0.0
732,0.5571428571428572,-0.6260047813734322,0.0,0.0,1.0,0.0,1.0,0.0,733.0,0.0,1.0,0.0,0.0
733,-0.3714285714285714,-0.06298073591573695,0.0,0.0,1.0,0.0,1.0,0.0,734.0,0.0,1.0,0.0,0.0
734,-0.3714285714285714,-0.06298073591573695,0.0,0.0,1.0,0.0,1.0,0.0,735.0,0.0,1.0,0.0,0.0
735,0.02142857142857148,0.07127884415494427,0.0,0.0,1.0,0.0,0.0,1.0,736.0,0.0,1.0,0.0,0.0
736,1.4142857142857144,0.8627607234425888,0.0,0.0,1.0,0.0,0.0,1.0,737.0,0.0,0.0,1.0,3.0
737,0.48571428571428577,21.56273820248077,1.0,0.0,0.0,1.0,0.0,0.0,738.0,1.0,1.0,0.0,0.0
738,-0.11428571428571413,-0.2840412999792114,0.0,0.0,1.0,0.0,0.0,1.0,739.0,0.0,1.0,0.0,0.0
739,-0.11428571428571413,-0.2840412999792114,0.0,0.0,1.0,0.0,0.0,1.0,740.0,0.0,1.0,0.0,0.0
740,0.6678571428571427,0.6732814773750952,0.0,0.0,1.0,1.0,0.0,0.0,741.0,1.0,1.0,0.0,0.0
741,0.5571428571428572,2.7889526020372806,0.0,0.0,1.0,1.0,0.0,0.0,742.0,0.0,1.0,1.0,0.0
742,-0.5142857142857142,10.737336289931397,1.0,0.0,0.0,1.0,0.0,0.0,743.0,1.0,0.0,2.0,2.0
743,-0.29999999999999993,0.07127884415494427,0.0,0.0,1.0,0.0,0.0,1.0,744.0,0.0,1.0,1.0,0.0
744,0.20000000000000004,-0.2827766613540295,0.0,0.0,1.0,0.0,0.0,1.0,745.0,1.0,1.0,0.0,0.0
745,2.9857142857142853,2.4489726976647495,0.0,0.0,1.0,1.0,0.0,0.0,746.0,0.0,1.0,1.0,1.0
746,-0.8714285714285713,0.25101344328182384,0.0,0.0,1.0,0.0,0.0,1.0,747.0,0.0,1.0,1.0,1.0
747,0.12857142857142861,-0.06298073591573695,0.0,0.0,1.0,0.0,1.0,0.0,748.0,1.0,0.0,0.0,0.0
748,-0.6571428571428571,1.6737318966114614,0.0,0.0,1.0,1.0,0.0,0.0,749.0,0.0,1.0,1.0,0.0
749,0.20000000000000004,-0.29035583119672925,0.0,1.0,0.0,0.0,0.0,1.0,750.0,0.0,1.0,0.0,0.0
750,-1.7285714285714284,0.37011468366710554,0.0,0.0,1.0,0.0,1.0,0.0,751.0,1.0,0.0,1.0,1.0
751,-1.5857142857142856,-0.0857182454438362,0.0,0.0,1.0,0.0,0.0,1.0,752.0,1.0,1.0,0.0,1.0
752,0.3428571428571429,-0.21456413276973182,0.0,0.0,1.0,0.0,0.0,1.0,753.0,0.0,1.0,0.0,0.0
753,-0.3714285714285714,-0.2840412999792114,0.0,0.0,1.0,0.0,0.0,1.0,754.0,0.0,1.0,0.0,0.0
754,1.4142857142857144,2.1891154459150437,0.0,0.0,1.0,0.0,1.0,0.0,755.0,1.0,0.0,1.0,2.0
755,-1.9664285714285712,0.001983577021689412,0.0,0.0,1.0,0.0,1.0,0.0,756.0,1.0,1.0,1.0,1.0
756,-0.014285714285714235,-0.28837225417503987,0.0,0.0,1.0,0.0,0.0,1.0,757.0,0.0,1.0,0.0,0.0
757,-0.7285714285714285,-0.12794504885316332,0.0,0.0,1.0,0.0,1.0,0.0,758.0,0.0,1.0,0.0,0.0
758,0.4142857142857143,-0.277362968609244,0.0,0.0,1.0,0.0,0.0,1.0,759.0,0.0,1.0,0.0,0.0
759,0.3428571428571429,3.120270598018155,0.0,0.0,1.0,1.0,0.0,0.0,760.0,1.0,0.0,0.0,0.0
760,-0.34164285714285697,0.001983577021689412,0.0,0.0,1.0,0.0,0.0,1.0,761.0,0.0,1.0,0.0,0.0
761,0.9142857142857144,-0.31742429492065694,0.0,0.0,1.0,0.0,0.0,1.0,762.0,0.0,1.0,0.0,0.0
762,-0.5857142857142856,-0.3129114406486037,1.0,0.0,0.0,0.0,0.0,1.0,763.0,1.0,1.0,0.0,0.0
763,0.5571428571428572,4.571140253620677,0.0,0.0,1.0,1.0,0.0,0.0,764.0,1.0,0.0,1.0,2.0
764,-0.8714285714285713,-0.2892730926477721,0.0,0.0,1.0,0.0,0.0,1.0,765.0,0.0,1.0,0.0,0.0
765,1.6285714285714286,2.7503334834730784,0.0,0.0,1.0,1.0,0.0,0.0,766.0,1.0,0.0,1.0,0.0
766,-0.2928571428571427,1.089053080174624,1.0,0.0,0.0,1.0,0.0,0.0,767.0,0.0,1.0,0.0,0.0
767,0.16428571428571434,-0.29035583119672925,0.0,1.0,0.0,0.0,0.0,1.0,768.0,0.0,0.0,0.0,0.0
768,-0.06428571428571418,0.41992065691913233,0.0,1.0,0.0,0.0,0.0,1.0,769.0,0.0,1.0,1.0,0.0
769,0.27142857142857146,-0.26382873674728013,0.0,0.0,1.0,0.0,0.0,1.0,770.0,0.0,1.0,0.0,0.0
770,-0.29999999999999993,-0.21456413276973182,0.0,0.0,1.0,0.0,0.0,1.0,771.0,0.0,1.0,0.0,0.0
771,1.4142857142857144,-0.2858429769246761,0.0,0.0,1.0,0.0,0.0,1.0,772.0,0.0,1.0,0.0,0.0
772,2.0571428571428574,-0.1712545908114476,0.0,0.0,1.0,0.0,1.0,0.0,773.0,0.0,0.0,0.0,0.0
773,-0.17499999999999996,-0.31309334072482853,1.0,0.0,0.0,0.0,0.0,1.0,774.0,0.0,1.0,0.0,0.0
774,1.842857142857143,0.37011468366710554,0.0,0.0,1.0,0.0,1.0,0.0,775.0,1.0,0.0,1.0,3.0
775,-0.7285714285714285,-0.29035583119672925,0.0,0.0,1.0,0.0,0.0,1.0,776.0,0.0,1.0,0.0,0.0
776,0.10714285714285714,-0.29035583119672925,0.0,1.0,0.0,0.0,0.0,1.0,777.0,0.0,1.0,0.0,0.0
777,-1.657142857142857,-0.0857182454438362,0.0,0.0,1.0,0.0,0.0,1.0,778.0,1.0,0.0,0.0,0.0
778,-0.08214285714285705,-0.2908972004712078,0.0,1.0,0.0,0.0,0.0,1.0,779.0,0.0,1.0,0.0,0.0
779,1.0571428571428572,8.526925542235466,0.0,0.0,1.0,1.0,0.0,0.0,780.0,1.0,0.0,0.0,1.0
780,-1.0857142857142856,-0.3129114406486037,1.0,0.0,0.0,0.0,0.0,1.0,781.0,1.0,0.0,0.0,0.0
781,-0.7999999999999999,1.84263911024877,0.0,0.0,1.0,1.0,0.0,0.0,782.0,1.0,0.0,1.0,0.0
782,0.0571428571428572,0.6732814773750952,0.0,0.0,1.0,1.0,0.0,0.0,783.0,0.0,1.0,0.0,0.0
783,0.10714285714285714,0.3896039775483334,0.0,0.0,1.0,0.0,0.0,1.0,784.0,0.0,1.0,1.0,2.0
784,-0.2285714285714285,-0.32067251056752827,0.0,0.0,1.0,0.0,0.0,1.0,785.0,0.0,1.0,0.0,0.0
785,-0.2285714285714285,-0.3120106021758714,0.0,0.0,1.0,0.0,0.0,1.0,786.0,0.0,1.0,0.0,0.0
786,-0.7285714285714285,-0.30136511676252514,0.0,0.0,1.0,0.0,0.0,1.0,787.0,1.0,0.0,0.0,0.0
787,-1.4428571428571428,0.6353856281615965,0.0,1.0,0.0,0.0,0.0,1.0,788.0,0.0,1.0,4.0,1.0
788,-1.9428571428571428,0.2650890444182662,0.0,0.0,1.0,0.0,0.0,1.0,789.0,1.0,1.0,1.0,2.0
789,1.2714285714285716,2.8041109417226804,1.0,0.0,0.0,1.0,0.0,0.0,790.0,0.0,1.0,0.0,0.0
790,0.10714285714285714,-0.29035583119672925,0.0,1.0,0.0,0.0,0.0,1.0,791.0,0.0,1.0,0.0,0.0
791,-0.8714285714285713,0.5000433095419583,0.0,0.0,1.0,0.0,1.0,0.0,792.0,0.0,1.0,0.0,0.0
792,0.17142857142857157,2.3861738618252373,0.0,0.0,1.0,0.0,0.0,1.0,793.0,0.0,0.0,8.0,2.0
793,0.7071428571428573,0.7034162566696693,1.0,0.0,0.0,1.0,0.0,0.0,794.0,0.0,1.0,0.0,0.0
794,-0.2285714285714285,-0.2840412999792114,0.0,0.0,1.0,0.0,0.0,1.0,795.0,0.0,1.0,0.0,0.0
795,0.7714285714285715,-0.06298073591573695,0.0,0.0,1.0,0.0,1.0,0.0,796.0,0.0,1.0,0.0,0.0
796,1.4857142857142858,0.4969769939713118,0.0,0.0,1.0,1.0,0.0,0.0,797.0,1.0,0.0,0.0,0.0
797,0.20000000000000004,-0.2499350356870626,0.0,0.0,1.0,0.0,0.0,1.0,798.0,1.0,0.0,0.0,0.0
798,0.12857142857142861,-0.3129114406486037,1.0,0.0,0.0,0.0,0.0,1.0,799.0,0.0,1.0,0.0,0.0
799,0.12857142857142861,0.41992065691913233,0.0,0.0,1.0,0.0,0.0,1.0,800.0,0.0,0.0,1.0,1.0
800,0.4142857142857143,-0.06298073591573695,0.0,0.0,1.0,0.0,1.0,0.0,801.0,0.0,1.0,0.0,0.0
801,0.20000000000000004,0.5108706950315294,0.0,0.0,1.0,0.0,1.0,0.0,802.0,1.0,0.0,1.0,1.0
802,-1.2285714285714284,4.571140253620677,0.0,0.0,1.0,1.0,0.0,0.0,803.0,1.0,1.0,1.0,2.0
803,-1.9842857142857142,-0.2571504053773127,1.0,0.0,0.0,0.0,0.0,1.0,804.0,1.0,1.0,0.0,1.0
804,-0.08571428571428566,-0.32392072621439955,0.0,0.0,1.0,0.0,0.0,1.0,805.0,1.0,1.0,0.0,0.0
805,0.20000000000000004,-0.2892730926477721,0.0,0.0,1.0,0.0,0.0,1.0,806.0,0.0,1.0,0.0,0.0
806,0.7714285714285715,-0.6260047813734322,0.0,0.0,1.0,1.0,0.0,0.0,807.0,0.0,1.0,0.0,0.0
807,-0.7285714285714285,-0.2892730926477721,0.0,0.0,1.0,0.0,0.0,1.0,808.0,0.0,0.0,0.0,0.0
808,0.7714285714285715,-0.06298073591573695,0.0,0.0,1.0,0.0,1.0,0.0,809.0,0.0,1.0,0.0,0.0
809,0.3428571428571429,1.6737318966114614,0.0,0.0,1.0,1.0,0.0,0.0,810.0,1.0,0.0,1.0,0.0
810,-0.15714285714285708,-0.28440076917746515,0.0,0.0,1.0,0.0,0.0,1.0,811.0,0.0,1.0,0.0,0.0
811,0.7714285714285715,0.41992065691913233,0.0,0.0,1.0,0.0,0.0,1.0,812.0,0.0,1.0,0.0,0.0
812,0.48571428571428577,-0.1712545908114476,0.0,0.0,1.0,0.0,1.0,0.0,813.0,0.0,1.0,0.0,0.0
813,-1.5857142857142856,0.7285011433719076,0.0,0.0,1.0,0.0,0.0,1.0,814.0,0.0,0.0,4.0,2.0
814,0.16428571428571434,-0.277362968609244,0.0,0.0,1.0,0.0,0.0,1.0,815.0,0.0,1.0,0.0,0.0
815,0.5571428571428572,-0.6260047813734322,0.0,0.0,1.0,1.0,0.0,0.0,816.0,0.0,1.0,0.0,0.0
816,-0.3714285714285714,-0.2827766613540295,0.0,0.0,1.0,0.0,0.0,1.0,817.0,0.0,0.0,0.0,0.0
817,0.20000000000000004,0.9766301711593096,1.0,0.0,0.0,0.0,1.0,0.0,818.0,0.0,1.0,1.0,1.0
818,1.0571428571428572,-0.3466582357424988,0.0,0.0,1.0,0.0,0.0,1.0,819.0,0.0,1.0,0.0,0.0
819,-1.3,0.5823314392626983,0.0,0.0,1.0,0.0,0.0,1.0,820.0,0.0,1.0,3.0,2.0
820,1.7,3.423437391726145,0.0,0.0,1.0,1.0,0.0,0.0,821.0,1.0,0.0,1.0,1.0
821,-0.08571428571428566,-0.2508358741597949,0.0,0.0,1.0,0.0,0.0,1.0,822.0,1.0,1.0,0.0,0.0
822,0.7000000000000001,-0.6260047813734322,0.0,0.0,1.0,1.0,0.0,0.0,823.0,0.0,1.0,0.0,0.0
823,-0.08571428571428566,-0.0857182454438362,0.0,0.0,1.0,0.0,0.0,1.0,824.0,1.0,0.0,0.0,1.0
824,-1.8714285714285714,1.092842665095974,0.0,0.0,1.0,0.0,0.0,1.0,825.0,0.0,1.0,4.0,1.0
825,0.26428571428571423,-0.3250034647633567,0.0,1.0,0.0,0.0,0.0,1.0,826.0,0.0,1.0,0.0,0.0
826,0.3714285714285714,1.8208024391934032,0.0,0.0,1.0,0.0,0.0,1.0,827.0,0.0,1.0,0.0,0.0
827,-1.9428571428571428,0.9766301711593096,1.0,0.0,0.0,0.0,1.0,0.0,828.0,1.0,1.0,0.0,2.0
828,0.10714285714285714,-0.29035583119672925,0.0,1.0,0.0,0.0,0.0,1.0,829.0,1.0,1.0,0.0,0.0
829,2.414285714285714,2.8387585752893076,0.0,0.0,1.0,1.0,0.0,0.0,830.0,1.0,0.0,0.0,0.0
830,-0.9428571428571428,0.0,1.0,0.0,0.0,0.0,0.0,1.0,831.0,1.0,0.0,1.0,0.0
831,-1.955,0.18604913034439746,0.0,0.0,1.0,0.0,1.0,0.0,832.0,1.0,1.0,1.0,1.0
832,-0.19642857142857142,-0.3129114406486037,1.0,0.0,0.0,0.0,0.0,1.0,833.0,0.0,1.0,0.0,0.0
833,-0.3714285714285714,-0.2858429769246761,0.0,0.0,1.0,0.0,0.0,1.0,834.0,0.0,1.0,0.0,0.0
834,-0.7285714285714285,-0.2665355831196729,0.0,0.0,1.0,0.0,0.0,1.0,835.0,0.0,1.0,0.0,0.0
835,0.7714285714285715,2.9755431016561564,1.0,0.0,0.0,1.0,0.0,0.0,836.0,1.0,0.0,1.0,1.0
836,-0.5142857142857142,-0.2508358741597949,0.0,0.0,1.0,0.0,0.0,1.0,837.0,0.0,1.0,0.0,0.0
837,0.0,-0.277362968609244,0.0,0.0,1.0,0.0,0.0,1.0,838.0,0.0,1.0,0.0,0.0
838,0.27142857142857146,1.8208024391934032,0.0,0.0,1.0,0.0,0.0,1.0,839.0,1.0,1.0,0.0,0.0
839,0.3035714285714288,0.6602886147876099,1.0,0.0,0.0,1.0,0.0,0.0,840.0,1.0,1.0,0.0,0.0
840,-0.5857142857142856,-0.2827766613540295,0.0,0.0,1.0,0.0,0.0,1.0,841.0,0.0,1.0,0.0,0.0
841,-0.8714285714285713,-0.1712545908114476,0.0,0.0,1.0,0.0,1.0,0.0,842.0,0.0,1.0,0.0,0.0
842,0.12857142857142861,0.7165910193333795,1.0,0.0,0.0,1.0,0.0,0.0,843.0,1.0,0.0,0.0,0.0
843,0.45000000000000007,-0.34719960501697733,1.0,0.0,0.0,0.0,0.0,1.0,844.0,0.0,1.0,0.0,0.0
844,-0.7999999999999999,-0.2508358741597949,0.0,0.0,1.0,0.0,0.0,1.0,845.0,0.0,1.0,0.0,0.0
845,0.9857142857142858,-0.2990177395883861,0.0,0.0,1.0,0.0,0.0,1.0,846.0,0.0,1.0,0.0,0.0
846,0.17142857142857157,2.3861738618252373,0.0,0.0,1.0,0.0,0.0,1.0,847.0,0.0,1.0,8.0,2.0
847,0.48571428571428577,-0.2840412999792114,1.0,0.0,0.0,0.0,0.0,1.0,848.0,0.0,1.0,0.0,0.0
848,-0.014285714285714235,0.803210103249948,0.0,0.0,1.0,0.0,1.0,0.0,849.0,0.0,1.0,0.0,1.0
849,0.285714285714286,3.2330573071859194,1.0,0.0,0.0,1.0,0.0,0.0,850.0,1.0,0.0,1.0,0.0
850,-1.7285714285714284,0.7285011433719076,0.0,0.0,1.0,0.0,0.0,1.0,851.0,0.0,1.0,4.0,2.0
851,3.2714285714285714,-0.2892730926477721,0.0,0.0,1.0,0.0,0.0,1.0,852.0,0.0,1.0,0.0,0.0
852,-1.3714285714285714,0.03428383341417777,1.0,0.0,0.0,0.0,0.0,1.0,853.0,0.0,0.0,1.0,1.0
853,-0.8714285714285713,1.080391171782967,0.0,0.0,1.0,1.0,0.0,0.0,854.0,1.0,0.0,0.0,1.0
854,1.1285714285714286,0.5000433095419583,0.0,0.0,1.0,0.0,1.0,0.0,855.0,0.0,0.0,1.0,0.0
855,-0.7285714285714285,-0.2210605640634745,0.0,0.0,1.0,0.0,0.0,1.0,856.0,1.0,0.0,0.0,1.0
856,1.2,6.51429647980043,0.0,0.0,1.0,1.0,0.0,0.0,857.0,1.0,0.0,1.0,1.0
857,1.6285714285714286,0.5238635576190146,0.0,0.0,1.0,1.0,0.0,0.0,858.0,1.0,1.0,0.0,0.0
858,-0.29999999999999993,0.20806337052179327,1.0,0.0,0.0,0.0,0.0,1.0,859.0,1.0,0.0,0.0,3.0
859,-0.19642857142857142,-0.3129114406486037,1.0,0.0,0.0,0.0,0.0,1.0,860.0,0.0,1.0,0.0,0.0
860,0.9142857142857144,-0.014980770563370535,0.0,0.0,1.0,0.0,0.0,1.0,861.0,0.0,1.0,2.0,0.0
861,-0.5142857142857142,-0.12794504885316332,0.0,0.0,1.0,0.0,1.0,0.0,862.0,0.0,1.0,1.0,0.0
862,1.4142857142857144,0.4969769939713118,0.0,0.0,1.0,1.0,0.0,0.0,863.0,1.0,0.0,0.0,0.0
863,0.17142857142857157,2.3861738618252373,0.0,0.0,1.0,0.0,0.0,1.0,864.0,0.0,0.0,8.0,2.0
864,-0.29999999999999993,-0.06298073591573695,0.0,0.0,1.0,0.0,1.0,0.0,865.0,0.0,1.0,0.0,0.0
865,0.9857142857142858,-0.06298073591573695,0.0,0.0,1.0,0.0,1.0,0.0,866.0,1.0,0.0,0.0,0.0
866,-0.08571428571428566,-0.025808156052941598,1.0,0.0,0.0,0.0,1.0,0.0,867.0,1.0,0.0,1.0,0.0
867,0.20000000000000004,1.5609451874436977,0.0,0.0,1.0,1.0,0.0,0.0,868.0,0.0,1.0,0.0,0.0
868,-0.03571428571428571,-0.21456413276973182,0.0,0.0,1.0,0.0,0.0,1.0,869.0,0.0,1.0,0.0,0.0
869,-1.7285714285714284,-0.14382665788926616,0.0,0.0,1.0,0.0,0.0,1.0,870.0,1.0,1.0,1.0,1.0
870,-0.15714285714285708,-0.2840412999792114,0.0,0.0,1.0,0.0,0.0,1.0,871.0,0.0,1.0,0.0,0.0
871,1.342857142857143,1.6500935486106298,0.0,0.0,1.0,1.0,0.0,0.0,872.0,1.0,0.0,1.0,1.0
872,0.3428571428571429,-0.40945707158201095,0.0,0.0,1.0,1.0,0.0,0.0,873.0,0.0,1.0,0.0,0.0
873,1.342857142857143,-0.23621890374887394,0.0,0.0,1.0,0.0,0.0,1.0,874.0,0.0,1.0,0.0,0.0
874,-0.014285714285714235,0.4134242256253898,1.0,0.0,0.0,0.0,1.0,0.0,875.0,1.0,0.0,1.0,0.0
875,-0.9428571428571428,-0.31309334072482853,1.0,0.0,0.0,0.0,0.0,1.0,876.0,1.0,0.0,0.0,0.0
876,-0.5857142857142856,-0.1995876931605571,0.0,0.0,1.0,0.0,0.0,1.0,877.0,0.0,1.0,0.0,0.0
877,-0.6571428571428571,-0.2840412999792114,0.0,0.0,1.0,0.0,0.0,1.0,878.0,0.0,1.0,0.0,0.0
878,-0.11428571428571413,-0.2840412999792114,0.0,0.0,1.0,0.0,0.0,1.0,879.0,0.0,1.0,0.0,0.0
879,1.9857142857142858,2.9755431016561564,1.0,0.0,0.0,1.0,0.0,0.0,880.0,1.0,0.0,0.0,1.0
880,-0.2285714285714285,0.5000433095419583,0.0,0.0,1.0,0.0,1.0,0.0,881.0,1.0,0.0,0.0,1.0
881,0.3428571428571429,-0.2840412999792114,0.0,0.0,1.0,0.0,0.0,1.0,882.0,0.0,1.0,0.0,0.0
882,-0.4428571428571428,-0.17053132146074423,0.0,0.0,1.0,0.0,0.0,1.0,883.0,0.0,0.0,0.0,0.0
883,-0.014285714285714235,-0.1712545908114476,0.0,0.0,1.0,0.0,1.0,0.0,884.0,0.0,1.0,0.0,0.0
884,-0.2285714285714285,-0.32067251056752827,0.0,0.0,1.0,0.0,0.0,1.0,885.0,0.0,1.0,0.0,0.0
885,0.7714285714285715,0.6353856281615965,0.0,1.0,0.0,0.0,0.0,1.0,886.0,0.0,0.0,0.0,5.0
886,-0.08571428571428566,-0.06298073591573695,0.0,0.0,1.0,0.0,1.0,0.0,887.0,0.0,1.0,0.0,0.0
887,-0.6571428571428571,0.6732814773750952,0.0,0.0,1.0,1.0,0.0,0.0,888.0,1.0,0.0,0.0,0.0
888,0.10714285714285714,0.3896039775483334,0.0,0.0,1.0,0.0,0.0,1.0,889.0,0.0,0.0,1.0,2.0
889,-0.15714285714285708,0.6732814773750952,1.0,0.0,0.0,1.0,0.0,0.0,890.0,1.0,1.0,0.0,0.0
890,0.27142857142857146,-0.29035583119672925,0.0,1.0,0.0,0.0,0.0,1.0,891.0,0.0,1.0,0.0,0.0
